/*
Navicat MySQL Data Transfer

Source Server         : mysql
Source Server Version : 50556
Source Host           : localhost:3306
Source Database       : wenjuan

Target Server Type    : MYSQL
Target Server Version : 50556
File Encoding         : 65001

Date: 2020-05-05 14:04:52
*/

SET FOREIGN_KEY_CHECKS=0;

-- ----------------------------
-- Table structure for `tp_admin`
-- ----------------------------
DROP TABLE IF EXISTS `tp_admin`;
CREATE TABLE `tp_admin` (
  `admin_id` int(10) unsigned NOT NULL AUTO_INCREMENT,
  `admin_name` varchar(50) NOT NULL,
  `password` varchar(50) NOT NULL,
  PRIMARY KEY (`admin_id`)
) ENGINE=MyISAM AUTO_INCREMENT=3 DEFAULT CHARSET=utf8;

-- ----------------------------
-- Records of tp_admin
-- ----------------------------
INSERT INTO `tp_admin` VALUES ('1', 'admin', '123456');

-- ----------------------------
-- Table structure for `tp_answer`
-- ----------------------------
DROP TABLE IF EXISTS `tp_answer`;
CREATE TABLE `tp_answer` (
  `answer_id` int(50) unsigned NOT NULL AUTO_INCREMENT,
  `paperid` varchar(50) NOT NULL COMMENT '问卷id',
  `question_id` varchar(50) NOT NULL,
  `option_id` varchar(50) NOT NULL COMMENT '选项id',
  `user_ip` varchar(50) NOT NULL COMMENT '用户ip地址',
  `userid` varchar(50) NOT NULL COMMENT '用户id',
  PRIMARY KEY (`answer_id`)
) ENGINE=MyISAM AUTO_INCREMENT=104 DEFAULT CHARSET=utf8;

-- ----------------------------
-- Records of tp_answer
-- ----------------------------
INSERT INTO `tp_answer` VALUES ('97', '247', '265', '372', '218.89.125.170', '8');
INSERT INTO `tp_answer` VALUES ('98', '247', '266', '374', '218.89.125.170', '8');
INSERT INTO `tp_answer` VALUES ('99', '247', '265', '371', '117.136.65.188', '8');
INSERT INTO `tp_answer` VALUES ('100', '247', '266', '373', '117.136.65.188', '8');
INSERT INTO `tp_answer` VALUES ('101', '263', '306', '440', '117.136.82.27', '13');
INSERT INTO `tp_answer` VALUES ('102', '263', '305', '438', '117.136.82.27', '13');
INSERT INTO `tp_answer` VALUES ('103', '263', '305', '437', '117.136.82.27', '13');

-- ----------------------------
-- Table structure for `tp_question`
-- ----------------------------
DROP TABLE IF EXISTS `tp_question`;
CREATE TABLE `tp_question` (
  `question_id` int(10) unsigned NOT NULL AUTO_INCREMENT COMMENT '问题编号',
  `title` varchar(50) NOT NULL COMMENT '问题标题',
  `papred` varchar(50) NOT NULL COMMENT '问卷编号',
  `topic` varchar(50) NOT NULL COMMENT '题型编号',
  PRIMARY KEY (`question_id`)
) ENGINE=MyISAM AUTO_INCREMENT=309 DEFAULT CHARSET=utf8;

-- ----------------------------
-- Records of tp_question
-- ----------------------------
INSERT INTO `tp_question` VALUES ('205', '默默摸摸<br>', '225', '1');
INSERT INTO `tp_question` VALUES ('206', '第二题<br>', '225', '1');
INSERT INTO `tp_question` VALUES ('208', '单选题目标题', '225', '1');
INSERT INTO `tp_question` VALUES ('210', '你喜欢香蕉吗<br>', '226', '1');
INSERT INTO `tp_question` VALUES ('211', '你的爱好是什么？<br>', '226', '2');
INSERT INTO `tp_question` VALUES ('212', '<span style=\"font-size:16px;\">写一段你最爱的话<br></span>', '226', '3');
INSERT INTO `tp_question` VALUES ('213', '你最喜欢什么？<br>', '228', '1');
INSERT INTO `tp_question` VALUES ('214', '你的爱好是？<br>', '228', '2');
INSERT INTO `tp_question` VALUES ('215', '<span style=\"font-size:16px;\">你的天空<br></span>', '228', '3');
INSERT INTO `tp_question` VALUES ('306', '454565456', '263', '1');
INSERT INTO `tp_question` VALUES ('305', '79789', '263', '2');
INSERT INTO `tp_question` VALUES ('286', '单大是大非', '253', '1');
INSERT INTO `tp_question` VALUES ('284', '多选题目标题', '253', '2');
INSERT INTO `tp_question` VALUES ('285', '嘻嘻嘻形形色色', '253', '3');
INSERT INTO `tp_question` VALUES ('283', '发达的地方的', '253', '2');
INSERT INTO `tp_question` VALUES ('282', '徐v从v得到', '253', '1');
INSERT INTO `tp_question` VALUES ('268', '城市水水顶顶顶', '248', '3');
INSERT INTO `tp_question` VALUES ('267', '手动阀手动阀', '248', '3');
INSERT INTO `tp_question` VALUES ('260', '你会数字吗', '245', '1');
INSERT INTO `tp_question` VALUES ('261', '这是我的什么东西', '245', '2');
INSERT INTO `tp_question` VALUES ('262', '喜欢香蕉吗', '245', '1');
INSERT INTO `tp_question` VALUES ('263', '你最喜欢干什么事情', '245', '3');
INSERT INTO `tp_question` VALUES ('265', '你喜欢什么', '247', '2');
INSERT INTO `tp_question` VALUES ('266', '你讨厌什么', '247', '2');

-- ----------------------------
-- Table structure for `tp_showhtml`
-- ----------------------------
DROP TABLE IF EXISTS `tp_showhtml`;
CREATE TABLE `tp_showhtml` (
  `show_id` int(10) unsigned NOT NULL AUTO_INCREMENT,
  `htmlcontent` text NOT NULL,
  `paperid` int(50) NOT NULL,
  PRIMARY KEY (`show_id`)
) ENGINE=MyISAM AUTO_INCREMENT=184 DEFAULT CHARSET=utf8;

-- ----------------------------
-- Records of tp_showhtml
-- ----------------------------
INSERT INTO `tp_showhtml` VALUES ('149', '{\"html2\":\"<div class=\\\"create-questions\\\">\\n\\t\\t\\t\\t\\t\\t\\t\\t<div class=\\\"questions-head-title\\\"><h4 class=\\\"h4-bg T_edit T-center\\\" data-tid=\\\"10001\\\" id=\\\"questionTitle\\\"><span style=\\\"font-size:18px;\\\">\\u95ee\\u5377\\u6807\\u9898<\\/span><\\/h4><\\/div>\\n\\t\\t\\t\\t\\t\\t\\t\\t<table class=\\\"questions-items-title\\\">\\n\\t\\t\\t\\t\\t\\t\\t\\t\\t<tbody>\\n\\t\\t\\t\\t\\t\\t\\t\\t\\t<tr>\\n\\t\\t\\t\\t\\t\\t\\t\\t\\t\\t<td class=\\\"module-menu\\\"><\\/td>\\n\\t\\t\\t\\t\\t\\t\\t\\t\\t\\t<td><div class=\\\"cq-title T_edit\\\" data-tid=\\\"10002\\\" id=\\\"questionExamTitle\\\"><span style=\\\"font-size:16px;\\\">\\u95ee\\u5377\\u6807\\u9898<\\/span><\\/div>\\n\\t\\t\\t\\t\\t\\t\\t\\t\\t\\t<\\/td>\\n\\t\\t\\t\\t\\t\\t\\t\\t\\t<\\/tr>\\n\\t\\t\\t\\t\\t\\t\\t\\t\\t<\\/tbody>\\n\\t\\t\\t\\t\\t\\t\\t\\t<\\/table>\\n\\t\\t\\t\\t\\t\\t\\t\\t<ul class=\\\"ui-questions-content-list ui-sortable\\\"><li class=\\\"ui-module items-questions\\\">\\n\\t\\t\\t\\t\\t<div class=\\\"theme-type\\\">\\n\\t\\t\\t\\t\\t\\t<div class=\\\"module-menu\\\">\\n\\t\\t\\t\\t\\t\\t\\t<h4>Q1<\\/h4>\\n\\t\\t\\t\\t\\t\\t\\t<div class=\\\"module-ctrl\\\">\\n\\t\\t\\t\\t\\t\\t\\t\\t<a href=\\\"javascript:void(0);\\\" class=\\\"ui-up-btn\\\" data-tisp=\\\"\\u4e0a\\u79fb\\\"><i class=\\\"icon-up\\\"><\\/i><\\/a>\\n\\t\\t\\t\\t\\t\\t\\t\\t<a href=\\\"javascript:void(0);\\\" class=\\\"ui-down-btn\\\" data-tisp=\\\"\\u4e0b\\u79fb\\\"><i class=\\\"icon-down\\\"><\\/i><\\/a>\\n\\t\\t\\t\\t\\t\\t\\t\\t<a href=\\\"javascript:void(0);\\\" class=\\\"ui-clone-btn\\\" data-tisp=\\\"\\u590d\\u5236\\\"><i class=\\\"icon-clone\\\"><\\/i><\\/a>\\n\\t\\t\\t\\t\\t\\t\\t\\t<a href=\\\"javascript:void(0);\\\" class=\\\"ui-del-btn\\\" data-tisp=\\\"\\u5220\\u9664\\\"><i class=\\\"icon-del\\\"><\\/i><\\/a>\\n\\t\\t\\t\\t\\t\\t\\t<\\/div>\\n\\t\\t\\t\\t\\t\\t<\\/div>\\n\\t\\t\\t\\t\\t\\t<div class=\\\"ui-drag-area ui-sortable-handle\\\">\\n\\t\\t\\t\\t\\t\\t\\t<div class=\\\"cq-title T_edit T_plugins\\\" data-tid=\\\"630\\\" type-id=\\\"1\\\">\\u9ed8\\u9ed8\\u6478\\u6478<br><\\/div>\\n\\t\\t\\t\\t\\t\\t<\\/div>\\n\\t\\t\\t\\t\\t\\t<div class=\\\"cq-items-content\\\">\\n\\t\\t\\t\\t\\t\\t\\t<ul class=\\\"cq-unset-list\\\" data-checktype=\\\"1\\\" data-namestr=\\\"q1_1\\\">\\n\\t\\t\\t\\t\\t\\t\\t\\t\\n\\t\\t\\t\\t\\t\\t\\t\\t<li><label class=\\\"input-check\\\"><input type=\\\"radio\\\" name=\\\"q1_1\\\" value=\\\"\\u9ed8\\u9ed8\\u6478\\u6478<br>\\\"><\\/label>\\n\\t\\t\\t\\t\\t\\t\\t\\t\\t<div class=\\\"cq-answer-content T_edit T_plugins\\\" data-tid=\\\"375\\\">132132132<br><\\/div>\\n\\t\\t\\t\\t\\t\\t\\t\\t<\\/li>\\n\\t\\t\\t\\t\\t\\t\\t\\t\\n\\t\\t\\t\\t\\t\\t\\t\\t<li><label class=\\\"input-check\\\"><input type=\\\"radio\\\" name=\\\"q1_1\\\" value=\\\"\\u9ed8\\u9ed8\\u6478\\u6478<br>\\\"><\\/label>\\n\\t\\t\\t\\t\\t\\t\\t\\t\\t<div class=\\\"cq-answer-content T_edit T_plugins\\\" data-tid=\\\"710\\\">1321321322<br><\\/div>\\n\\t\\t\\t\\t\\t\\t\\t\\t<\\/li>\\n\\t\\t\\t\\t\\t\\t\\t\\t\\n\\t\\t\\t\\t\\t\\t\\t<\\/ul>\\n\\t\\t\\t\\t\\t\\t\\t<div class=\\\"cq-items-ctrl\\\">\\n\\t\\t\\t\\t\\t\\t\\t\\t<a href=\\\"javascript:void(0);\\\" class=\\\"ui-add-item-btn\\\" data-tisp=\\\"\\u6dfb\\u52a0\\\"><i class=\\\"icon-add\\\"><\\/i><\\/a>\\n\\t\\t\\t\\t\\t\\t\\t\\t<a href=\\\"javascript:void(0);\\\" class=\\\"ui-batch-item-btn\\\" data-tisp=\\\"\\u6279\\u91cf\\u6dfb\\u52a0\\\"><i class=\\\"icon-addList\\\"><\\/i><\\/a>\\n\\t\\t\\t\\t\\t\\t\\t\\t<a href=\\\"javascript:void(0);\\\" class=\\\"ui-add-answer-btn\\\" data-tisp=\\\"\\u6dfb\\u52a0\\u7b54\\u6848\\u89e3\\u6790\\\"><i class=\\\"icon-assignment\\\"><\\/i><\\/a>\\n\\t\\t\\t\\t\\t\\t\\t<\\/div>\\n\\t\\t\\t\\t\\t\\t<\\/div>\\n\\t\\t\\t\\t\\t<\\/div>\\n\\t\\t\\t\\t<\\/li><li class=\\\"ui-module items-questions\\\" style=\\\"opacity: 1;\\\">\\n\\t\\t\\t\\t\\t<div class=\\\"theme-type\\\">\\n\\t\\t\\t\\t\\t\\t<div class=\\\"module-menu\\\">\\n\\t\\t\\t\\t\\t\\t\\t<h4>Q2<\\/h4>\\n\\t\\t\\t\\t\\t\\t\\t<div class=\\\"module-ctrl\\\">\\n\\t\\t\\t\\t\\t\\t\\t\\t<a href=\\\"javascript:void(0);\\\" class=\\\"ui-up-btn\\\" data-tisp=\\\"\\u4e0a\\u79fb\\\"><i class=\\\"icon-up\\\"><\\/i><\\/a>\\n\\t\\t\\t\\t\\t\\t\\t\\t<a href=\\\"javascript:void(0);\\\" class=\\\"ui-down-btn\\\" data-tisp=\\\"\\u4e0b\\u79fb\\\"><i class=\\\"icon-down\\\"><\\/i><\\/a>\\n\\t\\t\\t\\t\\t\\t\\t\\t<a href=\\\"javascript:void(0);\\\" class=\\\"ui-clone-btn\\\" data-tisp=\\\"\\u590d\\u5236\\\"><i class=\\\"icon-clone\\\"><\\/i><\\/a>\\n\\t\\t\\t\\t\\t\\t\\t\\t<a href=\\\"javascript:void(0);\\\" class=\\\"ui-del-btn\\\" data-tisp=\\\"\\u5220\\u9664\\\"><i class=\\\"icon-del\\\"><\\/i><\\/a>\\n\\t\\t\\t\\t\\t\\t\\t<\\/div>\\n\\t\\t\\t\\t\\t\\t<\\/div>\\n\\t\\t\\t\\t\\t\\t<div class=\\\"ui-drag-area ui-sortable-handle\\\">\\n\\t\\t\\t\\t\\t\\t\\t<div class=\\\"cq-title T_edit T_plugins\\\" data-tid=\\\"134\\\" type-id=\\\"1\\\">\\u7b2c\\u4e8c\\u9898<br><\\/div>\\n\\t\\t\\t\\t\\t\\t<\\/div>\\n\\t\\t\\t\\t\\t\\t<div class=\\\"cq-items-content\\\">\\n\\t\\t\\t\\t\\t\\t\\t<ul class=\\\"cq-unset-list\\\" data-checktype=\\\"1\\\" data-namestr=\\\"q1_2\\\">\\n\\t\\t\\t\\t\\t\\t\\t\\t\\n\\t\\t\\t\\t\\t\\t\\t\\t<li><label class=\\\"input-check\\\"><input type=\\\"radio\\\" name=\\\"q1_2\\\" value=\\\"45464654646<br>\\\"><\\/label>\\n\\t\\t\\t\\t\\t\\t\\t\\t\\t<div class=\\\"cq-answer-content T_edit T_plugins\\\" data-tid=\\\"4\\\">45464654646<br><\\/div>\\n\\t\\t\\t\\t\\t\\t\\t\\t<\\/li>\\n\\t\\t\\t\\t\\t\\t\\t\\t\\n\\t\\t\\t\\t\\t\\t\\t\\t<li><label class=\\\"input-check\\\"><input type=\\\"radio\\\" name=\\\"q1_2\\\" value=\\\"465465465465<br>\\\"><\\/label>\\n\\t\\t\\t\\t\\t\\t\\t\\t\\t<div class=\\\"cq-answer-content T_edit T_plugins\\\" data-tid=\\\"768\\\">465465465465<br><\\/div>\\n\\t\\t\\t\\t\\t\\t\\t\\t<\\/li>\\n\\t\\t\\t\\t\\t\\t\\t\\t\\n\\t\\t\\t\\t\\t\\t\\t<\\/ul>\\n\\t\\t\\t\\t\\t\\t\\t<div class=\\\"cq-items-ctrl\\\">\\n\\t\\t\\t\\t\\t\\t\\t\\t<a href=\\\"javascript:void(0);\\\" class=\\\"ui-add-item-btn\\\" data-tisp=\\\"\\u6dfb\\u52a0\\\"><i class=\\\"icon-add\\\"><\\/i><\\/a>\\n\\t\\t\\t\\t\\t\\t\\t\\t<a href=\\\"javascript:void(0);\\\" class=\\\"ui-batch-item-btn\\\" data-tisp=\\\"\\u6279\\u91cf\\u6dfb\\u52a0\\\"><i class=\\\"icon-addList\\\"><\\/i><\\/a>\\n\\t\\t\\t\\t\\t\\t\\t\\t<a href=\\\"javascript:void(0);\\\" class=\\\"ui-add-answer-btn\\\" data-tisp=\\\"\\u6dfb\\u52a0\\u7b54\\u6848\\u89e3\\u6790\\\"><i class=\\\"icon-assignment\\\"><\\/i><\\/a>\\n\\t\\t\\t\\t\\t\\t\\t<\\/div>\\n\\t\\t\\t\\t\\t\\t<\\/div>\\n\\t\\t\\t\\t\\t<\\/div>\\n\\t\\t\\t\\t<\\/li><li class=\\\"ui-module items-questions\\\">\\n\\t\\t\\t\\t\\t<div class=\\\"theme-type\\\">\\n\\t\\t\\t\\t\\t\\t<div class=\\\"module-menu\\\">\\n\\t\\t\\t\\t\\t\\t\\t<h4>Q3<\\/h4>\\n\\t\\t\\t\\t\\t\\t\\t<div class=\\\"module-ctrl\\\">\\n\\t\\t\\t\\t\\t\\t\\t\\t<a href=\\\"javascript:void(0);\\\" class=\\\"ui-up-btn\\\" data-tisp=\\\"\\u4e0a\\u79fb\\\"><i class=\\\"icon-up\\\"><\\/i><\\/a>\\n\\t\\t\\t\\t\\t\\t\\t\\t<a href=\\\"javascript:void(0);\\\" class=\\\"ui-down-btn\\\" data-tisp=\\\"\\u4e0b\\u79fb\\\"><i class=\\\"icon-down\\\"><\\/i><\\/a>\\n\\t\\t\\t\\t\\t\\t\\t\\t<a href=\\\"javascript:void(0);\\\" class=\\\"ui-clone-btn\\\" data-tisp=\\\"\\u590d\\u5236\\\"><i class=\\\"icon-clone\\\"><\\/i><\\/a>\\n\\t\\t\\t\\t\\t\\t\\t\\t<a href=\\\"javascript:void(0);\\\" class=\\\"ui-del-btn\\\" data-tisp=\\\"\\u5220\\u9664\\\"><i class=\\\"icon-del\\\"><\\/i><\\/a>\\n\\t\\t\\t\\t\\t\\t\\t<\\/div>\\n\\t\\t\\t\\t\\t\\t<\\/div>\\n\\t\\t\\t\\t\\t\\t<div class=\\\"ui-drag-area ui-sortable-handle\\\">\\n\\t\\t\\t\\t\\t\\t\\t<div class=\\\"cq-title T_edit T_plugins\\\" data-tid=\\\"884\\\" type-id=\\\"1\\\">\\u5355\\u9009\\u9898\\u76ee\\u6807\\u9898<\\/div>\\n\\t\\t\\t\\t\\t\\t<\\/div>\\n\\t\\t\\t\\t\\t\\t<div class=\\\"cq-items-content\\\">\\n\\t\\t\\t\\t\\t\\t\\t<ul class=\\\"cq-unset-list\\\" data-checktype=\\\"1\\\" data-namestr=\\\"q1_3\\\">\\n\\t\\t\\t\\t\\t\\t\\t\\t\\n\\t\\t\\t\\t\\t\\t\\t\\t<li><label class=\\\"input-check\\\"><input type=\\\"radio\\\" name=\\\"q1_3\\\" value=\\\"\\u662f\\u5927\\u98d2\\u98d2<br>\\\"><\\/label>\\n\\t\\t\\t\\t\\t\\t\\t\\t\\t<div class=\\\"cq-answer-content T_edit T_plugins\\\" data-tid=\\\"430\\\">\\u662f\\u5927\\u98d2\\u98d2<br><\\/div>\\n\\t\\t\\t\\t\\t\\t\\t\\t<\\/li>\\n\\t\\t\\t\\t\\t\\t\\t\\t\\n\\t\\t\\t\\t\\t\\t\\t\\t<li><label class=\\\"input-check\\\"><input type=\\\"radio\\\" name=\\\"q1_3\\\" value=\\\"\\u9876\\u9876\\u9876\\u9876\\u9876<br>\\\"><\\/label>\\n\\t\\t\\t\\t\\t\\t\\t\\t\\t<div class=\\\"cq-answer-content T_edit T_plugins\\\" data-tid=\\\"607\\\">\\u9876\\u9876\\u9876\\u9876\\u9876<br><\\/div>\\n\\t\\t\\t\\t\\t\\t\\t\\t<\\/li>\\n\\t\\t\\t\\t\\t\\t\\t\\t\\n\\t\\t\\t\\t\\t\\t\\t<\\/ul>\\n\\t\\t\\t\\t\\t\\t\\t<div class=\\\"cq-items-ctrl\\\">\\n\\t\\t\\t\\t\\t\\t\\t\\t<a href=\\\"javascript:void(0);\\\" class=\\\"ui-add-item-btn\\\" data-tisp=\\\"\\u6dfb\\u52a0\\\"><i class=\\\"icon-add\\\"><\\/i><\\/a>\\n\\t\\t\\t\\t\\t\\t\\t\\t<a href=\\\"javascript:void(0);\\\" class=\\\"ui-batch-item-btn\\\" data-tisp=\\\"\\u6279\\u91cf\\u6dfb\\u52a0\\\"><i class=\\\"icon-addList\\\"><\\/i><\\/a>\\n\\t\\t\\t\\t\\t\\t\\t\\t<a href=\\\"javascript:void(0);\\\" class=\\\"ui-add-answer-btn\\\" data-tisp=\\\"\\u6dfb\\u52a0\\u7b54\\u6848\\u89e3\\u6790\\\"><i class=\\\"icon-assignment\\\"><\\/i><\\/a>\\n\\t\\t\\t\\t\\t\\t\\t<\\/div>\\n\\t\\t\\t\\t\\t\\t<\\/div>\\n\\t\\t\\t\\t\\t<\\/div>\\n\\t\\t\\t\\t<\\/li><\\/ul>\\n\\t\\t\\t\\t\\t\\t\\t\\t<ul class=\\\"ui-foot-all-list\\\"><\\/ul>\\n\\t\\t\\t\\t\\t\\t\\t<\\/div>\"}', '225');
INSERT INTO `tp_showhtml` VALUES ('150', '{\"html2\":\"<div class=\\\"create-questions\\\">\\n\\t\\t\\t\\t\\t\\t\\t\\t<div class=\\\"questions-head-title\\\"><h4 class=\\\"h4-bg T_edit T-center\\\" data-tid=\\\"10001\\\" id=\\\"questionTitle\\\"><span style=\\\"font-size:18px;\\\">\\u4f60\\u54c4\\u54c4\\u54e6\\u54e6\\u597d<br><\\/span><\\/h4><\\/div>\\n\\t\\t\\t\\t\\t\\t\\t\\t<table class=\\\"questions-items-title\\\">\\n\\t\\t\\t\\t\\t\\t\\t\\t\\t<tbody>\\n\\t\\t\\t\\t\\t\\t\\t\\t\\t<tr>\\n\\t\\t\\t\\t\\t\\t\\t\\t\\t\\t<td class=\\\"module-menu\\\"><\\/td>\\n\\t\\t\\t\\t\\t\\t\\t\\t\\t\\t<td><div class=\\\"cq-title T_edit\\\" data-tid=\\\"10002\\\" id=\\\"questionExamTitle\\\"><span style=\\\"font-size:16px;\\\">\\u95ee\\u5377\\u6807\\u9898<\\/span><\\/div>\\n\\t\\t\\t\\t\\t\\t\\t\\t\\t\\t<\\/td>\\n\\t\\t\\t\\t\\t\\t\\t\\t\\t<\\/tr>\\n\\t\\t\\t\\t\\t\\t\\t\\t\\t<\\/tbody>\\n\\t\\t\\t\\t\\t\\t\\t\\t<\\/table>\\n\\t\\t\\t\\t\\t\\t\\t\\t<ul class=\\\"ui-questions-content-list ui-sortable\\\"><li class=\\\"ui-module items-questions\\\">\\n\\t\\t\\t\\t\\t<div class=\\\"theme-type\\\">\\n\\t\\t\\t\\t\\t\\t<div class=\\\"module-menu\\\">\\n\\t\\t\\t\\t\\t\\t\\t<h4>Q1<\\/h4>\\n\\t\\t\\t\\t\\t\\t\\t<div class=\\\"module-ctrl\\\">\\n\\t\\t\\t\\t\\t\\t\\t\\t<a href=\\\"javascript:void(0);\\\" class=\\\"ui-up-btn\\\" data-tisp=\\\"\\u4e0a\\u79fb\\\"><i class=\\\"icon-up\\\"><\\/i><\\/a>\\n\\t\\t\\t\\t\\t\\t\\t\\t<a href=\\\"javascript:void(0);\\\" class=\\\"ui-down-btn\\\" data-tisp=\\\"\\u4e0b\\u79fb\\\"><i class=\\\"icon-down\\\"><\\/i><\\/a>\\n\\t\\t\\t\\t\\t\\t\\t\\t<a href=\\\"javascript:void(0);\\\" class=\\\"ui-clone-btn\\\" data-tisp=\\\"\\u590d\\u5236\\\"><i class=\\\"icon-clone\\\"><\\/i><\\/a>\\n\\t\\t\\t\\t\\t\\t\\t\\t<a href=\\\"javascript:void(0);\\\" class=\\\"ui-del-btn\\\" data-tisp=\\\"\\u5220\\u9664\\\"><i class=\\\"icon-del\\\"><\\/i><\\/a>\\n\\t\\t\\t\\t\\t\\t\\t<\\/div>\\n\\t\\t\\t\\t\\t\\t<\\/div>\\n\\t\\t\\t\\t\\t\\t<div class=\\\"ui-drag-area\\\">\\n\\t\\t\\t\\t\\t\\t\\t<div class=\\\"cq-title T_edit T_plugins\\\" data-tid=\\\"431\\\" type-id=\\\"1\\\">\\u4f60\\u559c\\u6b22\\u9999\\u8549\\u5417<br><\\/div>\\n\\t\\t\\t\\t\\t\\t<\\/div>\\n\\t\\t\\t\\t\\t\\t<div class=\\\"cq-items-content\\\">\\n\\t\\t\\t\\t\\t\\t\\t<ul class=\\\"cq-unset-list\\\" data-checktype=\\\"1\\\" data-namestr=\\\"q1_3\\\">\\n\\t\\t\\t\\t\\t\\t\\t\\t\\n\\t\\t\\t\\t\\t\\t\\t\\t<li><label class=\\\"input-check\\\"><input type=\\\"radio\\\" name=\\\"q1_3\\\" value=\\\"\\u559c\\u6b22<br>\\\"><\\/label>\\n\\t\\t\\t\\t\\t\\t\\t\\t\\t<div class=\\\"cq-answer-content T_edit T_plugins\\\" data-tid=\\\"492\\\">\\u559c\\u6b22<br><\\/div>\\n\\t\\t\\t\\t\\t\\t\\t\\t<\\/li>\\n\\t\\t\\t\\t\\t\\t\\t\\t\\n\\t\\t\\t\\t\\t\\t\\t\\t<li><label class=\\\"input-check\\\"><input type=\\\"radio\\\" name=\\\"q1_3\\\" value=\\\"\\u4f60\\u559c\\u6b22\\u9999\\u8549\\u5417<br>\\\"><\\/label>\\n\\t\\t\\t\\t\\t\\t\\t\\t\\t<div class=\\\"cq-answer-content T_edit T_plugins\\\" data-tid=\\\"677\\\">\\u9009\\u98792<\\/div>\\n\\t\\t\\t\\t\\t\\t\\t\\t<\\/li>\\n\\t\\t\\t\\t\\t\\t\\t\\t\\n\\t\\t\\t\\t\\t\\t\\t<\\/ul>\\n\\t\\t\\t\\t\\t\\t\\t<div class=\\\"cq-items-ctrl\\\">\\n\\t\\t\\t\\t\\t\\t\\t\\t<a href=\\\"javascript:void(0);\\\" class=\\\"ui-add-item-btn\\\" data-tisp=\\\"\\u6dfb\\u52a0\\\"><i class=\\\"icon-add\\\"><\\/i><\\/a>\\n\\t\\t\\t\\t\\t\\t\\t\\t<a href=\\\"javascript:void(0);\\\" class=\\\"ui-batch-item-btn\\\" data-tisp=\\\"\\u6279\\u91cf\\u6dfb\\u52a0\\\"><i class=\\\"icon-addList\\\"><\\/i><\\/a>\\n\\t\\t\\t\\t\\t\\t\\t\\t<a href=\\\"javascript:void(0);\\\" class=\\\"ui-add-answer-btn\\\" data-tisp=\\\"\\u6dfb\\u52a0\\u7b54\\u6848\\u89e3\\u6790\\\"><i class=\\\"icon-assignment\\\"><\\/i><\\/a>\\n\\t\\t\\t\\t\\t\\t\\t<\\/div>\\n\\t\\t\\t\\t\\t\\t<\\/div>\\n\\t\\t\\t\\t\\t<\\/div>\\n\\t\\t\\t\\t<\\/li><li class=\\\"ui-module items-questions\\\">\\n\\t\\t\\t\\t\\t<div class=\\\"theme-type\\\">\\n\\t\\t\\t\\t\\t\\t<div class=\\\"module-menu\\\">\\n\\t\\t\\t\\t\\t\\t\\t<h4>Q2<\\/h4>\\n\\t\\t\\t\\t\\t\\t\\t<div class=\\\"module-ctrl\\\">\\n\\t\\t\\t\\t\\t\\t\\t\\t<a href=\\\"javascript:void(0);\\\" class=\\\"ui-up-btn\\\" data-tisp=\\\"\\u4e0a\\u79fb\\\"><i class=\\\"icon-up\\\"><\\/i><\\/a>\\n\\t\\t\\t\\t\\t\\t\\t\\t<a href=\\\"javascript:void(0);\\\" class=\\\"ui-down-btn\\\" data-tisp=\\\"\\u4e0b\\u79fb\\\"><i class=\\\"icon-down\\\"><\\/i><\\/a>\\n\\t\\t\\t\\t\\t\\t\\t\\t<a href=\\\"javascript:void(0);\\\" class=\\\"ui-clone-btn\\\" data-tisp=\\\"\\u590d\\u5236\\\"><i class=\\\"icon-clone\\\"><\\/i><\\/a>\\n\\t\\t\\t\\t\\t\\t\\t\\t<a href=\\\"javascript:void(0);\\\" class=\\\"ui-del-btn\\\" data-tisp=\\\"\\u5220\\u9664\\\"><i class=\\\"icon-del\\\"><\\/i><\\/a>\\n\\t\\t\\t\\t\\t\\t\\t<\\/div>\\n\\t\\t\\t\\t\\t\\t<\\/div>\\n\\t\\t\\t\\t\\t\\t<div class=\\\"ui-drag-area\\\">\\n\\t\\t\\t\\t\\t\\t\\t<div class=\\\"cq-title T_edit T_plugins\\\" data-tid=\\\"9\\\" type-id=\\\"2\\\">\\u4f60\\u7684\\u7231\\u597d\\u662f\\u4ec0\\u4e48\\uff1f<br><\\/div>\\n\\t\\t\\t\\t\\t\\t<\\/div>\\n\\t\\t\\t\\t\\t\\t<div class=\\\"cq-items-content\\\">\\n\\t\\t\\t\\t\\t\\t\\t<ul class=\\\"cq-unset-list\\\" data-checktype=\\\"2\\\" data-namestr=\\\"q2_4\\\">\\n\\t\\t\\t\\t\\t\\t\\t\\t\\n\\t\\t\\t\\t\\t\\t\\t\\t<li><label class=\\\"input-check\\\"><input type=\\\"checkbox\\\" name=\\\"q2_4\\\" value=\\\"\\u7bee\\u7403<br>\\\"><\\/label>\\n\\t\\t\\t\\t\\t\\t\\t\\t\\t<div class=\\\"cq-answer-content T_edit T_plugins\\\" data-tid=\\\"305\\\">\\u7bee\\u7403<br><\\/div>\\n\\t\\t\\t\\t\\t\\t\\t\\t<\\/li>\\n\\t\\t\\t\\t\\t\\t\\t\\t\\n\\t\\t\\t\\t\\t\\t\\t\\t<li><label class=\\\"input-check\\\"><input type=\\\"checkbox\\\" name=\\\"q2_4\\\" value=\\\"\\u4f60\\u7684\\u7231\\u597d\\u662f\\u4ec0\\u4e48\\uff1f<br>\\\"><\\/label>\\n\\t\\t\\t\\t\\t\\t\\t\\t\\t<div class=\\\"cq-answer-content T_edit T_plugins\\\" data-tid=\\\"356\\\">\\u9009\\u98792<\\/div>\\n\\t\\t\\t\\t\\t\\t\\t\\t<\\/li>\\n\\t\\t\\t\\t\\t\\t\\t\\t\\n\\t\\t\\t\\t\\t\\t\\t<\\/ul>\\n\\t\\t\\t\\t\\t\\t\\t<div class=\\\"cq-items-ctrl\\\">\\n\\t\\t\\t\\t\\t\\t\\t\\t<a href=\\\"javascript:void(0);\\\" class=\\\"ui-add-item-btn\\\" data-tisp=\\\"\\u6dfb\\u52a0\\\"><i class=\\\"icon-add\\\"><\\/i><\\/a>\\n\\t\\t\\t\\t\\t\\t\\t\\t<a href=\\\"javascript:void(0);\\\" class=\\\"ui-batch-item-btn\\\" data-tisp=\\\"\\u6279\\u91cf\\u6dfb\\u52a0\\\"><i class=\\\"icon-addList\\\"><\\/i><\\/a>\\n\\t\\t\\t\\t\\t\\t\\t\\t<a href=\\\"javascript:void(0);\\\" class=\\\"ui-add-answer-btn\\\" data-tisp=\\\"\\u6dfb\\u52a0\\u7b54\\u6848\\u89e3\\u6790\\\"><i class=\\\"icon-assignment\\\"><\\/i><\\/a>\\n\\t\\t\\t\\t\\t\\t\\t<\\/div>\\n\\t\\t\\t\\t\\t\\t<\\/div>\\n\\t\\t\\t\\t\\t<\\/div>\\n\\t\\t\\t\\t<\\/li><li class=\\\"ui-module items-questions\\\">\\n\\t\\t\\t\\t\\t<div class=\\\"theme-type\\\">\\n\\t\\t\\t\\t\\t\\t<div class=\\\"module-menu\\\">\\n\\t\\t\\t\\t\\t\\t\\t<h4>Q3<\\/h4>\\n\\t\\t\\t\\t\\t\\t\\t<div class=\\\"module-ctrl\\\">\\n\\t\\t\\t\\t\\t\\t\\t\\t<a href=\\\"javascript:void(0);\\\" class=\\\"ui-up-btn\\\" data-tisp=\\\"\\u4e0a\\u79fb\\\"><i class=\\\"icon-up\\\"><\\/i><\\/a>\\n\\t\\t\\t\\t\\t\\t\\t\\t<a href=\\\"javascript:void(0);\\\" class=\\\"ui-down-btn\\\" data-tisp=\\\"\\u4e0b\\u79fb\\\"><i class=\\\"icon-down\\\"><\\/i><\\/a>\\n\\t\\t\\t\\t\\t\\t\\t\\t<a href=\\\"javascript:void(0);\\\" class=\\\"ui-clone-btn\\\" data-tisp=\\\"\\u590d\\u5236\\\"><i class=\\\"icon-clone\\\"><\\/i><\\/a>\\n\\t\\t\\t\\t\\t\\t\\t\\t<a href=\\\"javascript:void(0);\\\" class=\\\"ui-del-btn\\\" data-tisp=\\\"\\u5220\\u9664\\\"><i class=\\\"icon-del\\\"><\\/i><\\/a>\\n\\t\\t\\t\\t\\t\\t\\t<\\/div>\\n\\t\\t\\t\\t\\t\\t<\\/div>\\n\\t\\t\\t\\t\\t\\t<div class=\\\"ui-drag-area\\\">\\n\\t\\t\\t\\t\\t\\t\\t<div class=\\\"cq-title T_edit T_plugins\\\" data-tid=\\\"64\\\" type-id=\\\"3\\\"><span style=\\\"font-size:16px;\\\">\\u5199\\u4e00\\u6bb5\\u4f60\\u6700\\u7231\\u7684\\u8bdd<br><\\/span><\\/div>\\n\\t\\t\\t\\t\\t\\t<\\/div>\\n\\t\\t\\t\\t\\t\\t<div class=\\\"cq-items-content\\\">\\n\\t\\t\\t\\t\\t\\t\\t<div class=\\\"describe-edit-content T_edit T_plugins\\\" data-tid=\\\"467\\\"><span style=\\\"line-height: 1.6;12px;\\\">\\u8fd9\\u91cc\\u662f\\u586b\\u7a7a\\u9898\\u76ee\\u6807\\u9898<\\/span><\\/div>\\n\\t\\t\\t\\t\\t\\t<\\/div>\\n\\t\\t\\t\\t\\t<\\/div>\\n\\t\\t\\t\\t<\\/li><\\/ul>\\n\\t\\t\\t\\t\\t\\t\\t\\t<ul class=\\\"ui-foot-all-list\\\"><\\/ul>\\n\\t\\t\\t\\t\\t\\t\\t<\\/div>\"}', '226');
INSERT INTO `tp_showhtml` VALUES ('152', '{\"html2\":\"<div class=\\\"create-questions\\\">\\n\\t\\t\\t\\t\\t\\t\\t\\t<div class=\\\"questions-head-title\\\"><h4 class=\\\"h4-bg T_edit T-center\\\" data-tid=\\\"10001\\\" id=\\\"questionTitle\\\"><span style=\\\"font-size:18px;\\\">\\u95ee\\u5377\\u6807\\u9898<\\/span><\\/h4><\\/div>\\n\\t\\t\\t\\t\\t\\t\\t\\t<table class=\\\"questions-items-title\\\">\\n\\t\\t\\t\\t\\t\\t\\t\\t\\t<tbody>\\n\\t\\t\\t\\t\\t\\t\\t\\t\\t<tr>\\n\\t\\t\\t\\t\\t\\t\\t\\t\\t\\t<td class=\\\"module-menu\\\"><\\/td>\\n\\t\\t\\t\\t\\t\\t\\t\\t\\t\\t<td><div class=\\\"cq-title T_edit\\\" data-tid=\\\"10002\\\" id=\\\"questionExamTitle\\\"><span style=\\\"font-size:16px;\\\">\\u95ee\\u5377\\u6807\\u9898<\\/span><\\/div>\\n\\t\\t\\t\\t\\t\\t\\t\\t\\t\\t<\\/td>\\n\\t\\t\\t\\t\\t\\t\\t\\t\\t<\\/tr>\\n\\t\\t\\t\\t\\t\\t\\t\\t\\t<\\/tbody>\\n\\t\\t\\t\\t\\t\\t\\t\\t<\\/table>\\n\\t\\t\\t\\t\\t\\t\\t\\t<ul class=\\\"ui-questions-content-list ui-sortable\\\"><li class=\\\"ui-module items-questions\\\">\\n\\t\\t\\t\\t\\t<div class=\\\"theme-type\\\">\\n\\t\\t\\t\\t\\t\\t<div class=\\\"module-menu\\\">\\n\\t\\t\\t\\t\\t\\t\\t<h4>Q1<\\/h4>\\n\\t\\t\\t\\t\\t\\t\\t<div class=\\\"module-ctrl\\\">\\n\\t\\t\\t\\t\\t\\t\\t\\t<a href=\\\"javascript:void(0);\\\" class=\\\"ui-up-btn\\\" data-tisp=\\\"\\u4e0a\\u79fb\\\"><i class=\\\"icon-up\\\"><\\/i><\\/a>\\n\\t\\t\\t\\t\\t\\t\\t\\t<a href=\\\"javascript:void(0);\\\" class=\\\"ui-down-btn\\\" data-tisp=\\\"\\u4e0b\\u79fb\\\"><i class=\\\"icon-down\\\"><\\/i><\\/a>\\n\\t\\t\\t\\t\\t\\t\\t\\t<a href=\\\"javascript:void(0);\\\" class=\\\"ui-clone-btn\\\" data-tisp=\\\"\\u590d\\u5236\\\"><i class=\\\"icon-clone\\\"><\\/i><\\/a>\\n\\t\\t\\t\\t\\t\\t\\t\\t<a href=\\\"javascript:void(0);\\\" class=\\\"ui-del-btn\\\" data-tisp=\\\"\\u5220\\u9664\\\"><i class=\\\"icon-del\\\"><\\/i><\\/a>\\n\\t\\t\\t\\t\\t\\t\\t<\\/div>\\n\\t\\t\\t\\t\\t\\t<\\/div>\\n\\t\\t\\t\\t\\t\\t<div class=\\\"ui-drag-area\\\">\\n\\t\\t\\t\\t\\t\\t\\t<div class=\\\"cq-title T_edit T_plugins\\\" data-tid=\\\"532\\\" type-id=\\\"1\\\">\\u4f60\\u6700\\u559c\\u6b22\\u4ec0\\u4e48\\uff1f<br><\\/div>\\n\\t\\t\\t\\t\\t\\t<\\/div>\\n\\t\\t\\t\\t\\t\\t<div class=\\\"cq-items-content\\\">\\n\\t\\t\\t\\t\\t\\t\\t<ul class=\\\"cq-unset-list\\\" data-checktype=\\\"1\\\" data-namestr=\\\"q1_2\\\">\\n\\t\\t\\t\\t\\t\\t\\t\\t\\n\\t\\t\\t\\t\\t\\t\\t\\t<li><label class=\\\"input-check\\\"><input type=\\\"radio\\\" name=\\\"q1_2\\\" value=\\\"\\u9999\\u8549<br>\\\"><\\/label>\\n\\t\\t\\t\\t\\t\\t\\t\\t\\t<div class=\\\"cq-answer-content T_edit T_plugins\\\" data-tid=\\\"91\\\">\\u9999\\u8549<br><\\/div>\\n\\t\\t\\t\\t\\t\\t\\t\\t<\\/li>\\n\\t\\t\\t\\t\\t\\t\\t\\t\\n\\t\\t\\t\\t\\t\\t\\t\\t<li><label class=\\\"input-check\\\"><input type=\\\"radio\\\" name=\\\"q1_2\\\" value=\\\"\\u4f60\\u6700\\u559c\\u6b22\\u4ec0\\u4e48\\uff1f<br>\\\"><\\/label>\\n\\t\\t\\t\\t\\t\\t\\t\\t\\t<div class=\\\"cq-answer-content T_edit T_plugins\\\" data-tid=\\\"434\\\">\\u82f9\\u679c<br><\\/div>\\n\\t\\t\\t\\t\\t\\t\\t\\t<\\/li>\\n\\t\\t\\t\\t\\t\\t\\t\\t\\n\\t\\t\\t\\t\\t\\t\\t<\\/ul>\\n\\t\\t\\t\\t\\t\\t\\t<div class=\\\"cq-items-ctrl\\\">\\n\\t\\t\\t\\t\\t\\t\\t\\t<a href=\\\"javascript:void(0);\\\" class=\\\"ui-add-item-btn\\\" data-tisp=\\\"\\u6dfb\\u52a0\\\"><i class=\\\"icon-add\\\"><\\/i><\\/a>\\n\\t\\t\\t\\t\\t\\t\\t\\t<a href=\\\"javascript:void(0);\\\" class=\\\"ui-batch-item-btn\\\" data-tisp=\\\"\\u6279\\u91cf\\u6dfb\\u52a0\\\"><i class=\\\"icon-addList\\\"><\\/i><\\/a>\\n\\t\\t\\t\\t\\t\\t\\t\\t<a href=\\\"javascript:void(0);\\\" class=\\\"ui-add-answer-btn\\\" data-tisp=\\\"\\u6dfb\\u52a0\\u7b54\\u6848\\u89e3\\u6790\\\"><i class=\\\"icon-assignment\\\"><\\/i><\\/a>\\n\\t\\t\\t\\t\\t\\t\\t<\\/div>\\n\\t\\t\\t\\t\\t\\t<\\/div>\\n\\t\\t\\t\\t\\t<\\/div>\\n\\t\\t\\t\\t<\\/li><li class=\\\"ui-module items-questions\\\" style=\\\"opacity: 1;\\\">\\n\\t\\t\\t\\t\\t<div class=\\\"theme-type\\\">\\n\\t\\t\\t\\t\\t\\t<div class=\\\"module-menu\\\">\\n\\t\\t\\t\\t\\t\\t\\t<h4>Q2<\\/h4>\\n\\t\\t\\t\\t\\t\\t\\t<div class=\\\"module-ctrl\\\">\\n\\t\\t\\t\\t\\t\\t\\t\\t<a href=\\\"javascript:void(0);\\\" class=\\\"ui-up-btn\\\" data-tisp=\\\"\\u4e0a\\u79fb\\\"><i class=\\\"icon-up\\\"><\\/i><\\/a>\\n\\t\\t\\t\\t\\t\\t\\t\\t<a href=\\\"javascript:void(0);\\\" class=\\\"ui-down-btn\\\" data-tisp=\\\"\\u4e0b\\u79fb\\\"><i class=\\\"icon-down\\\"><\\/i><\\/a>\\n\\t\\t\\t\\t\\t\\t\\t\\t<a href=\\\"javascript:void(0);\\\" class=\\\"ui-clone-btn\\\" data-tisp=\\\"\\u590d\\u5236\\\"><i class=\\\"icon-clone\\\"><\\/i><\\/a>\\n\\t\\t\\t\\t\\t\\t\\t\\t<a href=\\\"javascript:void(0);\\\" class=\\\"ui-del-btn\\\" data-tisp=\\\"\\u5220\\u9664\\\"><i class=\\\"icon-del\\\"><\\/i><\\/a>\\n\\t\\t\\t\\t\\t\\t\\t<\\/div>\\n\\t\\t\\t\\t\\t\\t<\\/div>\\n\\t\\t\\t\\t\\t\\t<div class=\\\"ui-drag-area\\\">\\n\\t\\t\\t\\t\\t\\t\\t<div class=\\\"cq-title T_edit T_plugins\\\" data-tid=\\\"66\\\" type-id=\\\"2\\\">\\u4f60\\u7684\\u7231\\u597d\\u662f\\uff1f<br><\\/div>\\n\\t\\t\\t\\t\\t\\t<\\/div>\\n\\t\\t\\t\\t\\t\\t<div class=\\\"cq-items-content\\\">\\n\\t\\t\\t\\t\\t\\t\\t<ul class=\\\"cq-unset-list\\\" data-checktype=\\\"2\\\" data-namestr=\\\"q2_3\\\">\\n\\t\\t\\t\\t\\t\\t\\t\\t\\n\\t\\t\\t\\t\\t\\t\\t\\t<li><label class=\\\"input-check\\\"><input type=\\\"checkbox\\\" name=\\\"q2_3\\\" value=\\\"\\u7bee\\u7403<br>\\\"><\\/label>\\n\\t\\t\\t\\t\\t\\t\\t\\t\\t<div class=\\\"cq-answer-content T_edit T_plugins\\\" data-tid=\\\"137\\\">\\u7bee\\u7403<br><\\/div>\\n\\t\\t\\t\\t\\t\\t\\t\\t<\\/li>\\n\\t\\t\\t\\t\\t\\t\\t\\t\\n\\t\\t\\t\\t\\t\\t\\t\\t<li><label class=\\\"input-check\\\"><input type=\\\"checkbox\\\" name=\\\"q2_3\\\" value=\\\"\\u6e38\\u620f<br>\\\"><\\/label>\\n\\t\\t\\t\\t\\t\\t\\t\\t\\t<div class=\\\"cq-answer-content T_edit T_plugins\\\" data-tid=\\\"51\\\">\\u6e38\\u620f<br><\\/div>\\n\\t\\t\\t\\t\\t\\t\\t\\t<\\/li>\\n\\t\\t\\t\\t\\t\\t\\t\\t\\n\\t\\t\\t\\t\\t\\t\\t<\\/ul>\\n\\t\\t\\t\\t\\t\\t\\t<div class=\\\"cq-items-ctrl\\\">\\n\\t\\t\\t\\t\\t\\t\\t\\t<a href=\\\"javascript:void(0);\\\" class=\\\"ui-add-item-btn\\\" data-tisp=\\\"\\u6dfb\\u52a0\\\"><i class=\\\"icon-add\\\"><\\/i><\\/a>\\n\\t\\t\\t\\t\\t\\t\\t\\t<a href=\\\"javascript:void(0);\\\" class=\\\"ui-batch-item-btn\\\" data-tisp=\\\"\\u6279\\u91cf\\u6dfb\\u52a0\\\"><i class=\\\"icon-addList\\\"><\\/i><\\/a>\\n\\t\\t\\t\\t\\t\\t\\t\\t<a href=\\\"javascript:void(0);\\\" class=\\\"ui-add-answer-btn\\\" data-tisp=\\\"\\u6dfb\\u52a0\\u7b54\\u6848\\u89e3\\u6790\\\"><i class=\\\"icon-assignment\\\"><\\/i><\\/a>\\n\\t\\t\\t\\t\\t\\t\\t<\\/div>\\n\\t\\t\\t\\t\\t\\t<\\/div>\\n\\t\\t\\t\\t\\t<\\/div>\\n\\t\\t\\t\\t<\\/li><li class=\\\"ui-module items-questions\\\" style=\\\"width: 900px; height: 160px; opacity: 1;\\\">\\n\\t\\t\\t\\t\\t<div class=\\\"theme-type\\\">\\n\\t\\t\\t\\t\\t\\t<div class=\\\"module-menu\\\">\\n\\t\\t\\t\\t\\t\\t\\t<h4>Q3<\\/h4>\\n\\t\\t\\t\\t\\t\\t\\t<div class=\\\"module-ctrl\\\">\\n\\t\\t\\t\\t\\t\\t\\t\\t<a href=\\\"javascript:void(0);\\\" class=\\\"ui-up-btn\\\" data-tisp=\\\"\\u4e0a\\u79fb\\\"><i class=\\\"icon-up\\\"><\\/i><\\/a>\\n\\t\\t\\t\\t\\t\\t\\t\\t<a href=\\\"javascript:void(0);\\\" class=\\\"ui-down-btn\\\" data-tisp=\\\"\\u4e0b\\u79fb\\\"><i class=\\\"icon-down\\\"><\\/i><\\/a>\\n\\t\\t\\t\\t\\t\\t\\t\\t<a href=\\\"javascript:void(0);\\\" class=\\\"ui-clone-btn\\\" data-tisp=\\\"\\u590d\\u5236\\\"><i class=\\\"icon-clone\\\"><\\/i><\\/a>\\n\\t\\t\\t\\t\\t\\t\\t\\t<a href=\\\"javascript:void(0);\\\" class=\\\"ui-del-btn\\\" data-tisp=\\\"\\u5220\\u9664\\\"><i class=\\\"icon-del\\\"><\\/i><\\/a>\\n\\t\\t\\t\\t\\t\\t\\t<\\/div>\\n\\t\\t\\t\\t\\t\\t<\\/div>\\n\\t\\t\\t\\t\\t\\t<div class=\\\"ui-drag-area\\\">\\n\\t\\t\\t\\t\\t\\t\\t<div class=\\\"cq-title T_edit T_plugins\\\" data-tid=\\\"783\\\" type-id=\\\"3\\\"><span style=\\\"font-size:16px;\\\">\\u4f60\\u7684\\u5929\\u7a7a<br><\\/span><\\/div>\\n\\t\\t\\t\\t\\t\\t<\\/div>\\n\\t\\t\\t\\t\\t\\t<div class=\\\"cq-items-content\\\">\\n\\t\\t\\t\\t\\t\\t\\t<div class=\\\"describe-edit-content T_edit T_plugins\\\" data-tid=\\\"785\\\"><span style=\\\"line-height: 1.6;12px;\\\">\\u8fd9\\u91cc\\u662f\\u586b\\u7a7a\\u9898\\u76ee\\u6807\\u9898<\\/span><\\/div>\\n\\t\\t\\t\\t\\t\\t<\\/div>\\n\\t\\t\\t\\t\\t<\\/div>\\n\\t\\t\\t\\t<\\/li><\\/ul>\\n\\t\\t\\t\\t\\t\\t\\t\\t<ul class=\\\"ui-foot-all-list\\\"><\\/ul>\\n\\t\\t\\t\\t\\t\\t\\t<\\/div>\"}', '228');
INSERT INTO `tp_showhtml` VALUES ('153', '{\"html2\":\"<div class=\\\"create-questions\\\">\\n\\t\\t\\t\\t\\t\\t\\t\\t<div class=\\\"questions-head-title\\\"><h4 class=\\\"h4-bg T_edit T-center\\\" data-tid=\\\"10001\\\" id=\\\"questionTitle\\\"><span style=\\\"font-size:18px;\\\">\\u95ee\\u5377\\u6807\\u9898<\\/span><\\/h4><\\/div>\\n\\t\\t\\t\\t\\t\\t\\t\\t<table class=\\\"questions-items-title\\\">\\n\\t\\t\\t\\t\\t\\t\\t\\t\\t<tbody>\\n\\t\\t\\t\\t\\t\\t\\t\\t\\t<tr>\\n\\t\\t\\t\\t\\t\\t\\t\\t\\t\\t<td class=\\\"module-menu\\\"><\\/td>\\n\\t\\t\\t\\t\\t\\t\\t\\t\\t\\t<td><div class=\\\"cq-title T_edit\\\" data-tid=\\\"10002\\\" id=\\\"questionExamTitle\\\"><span style=\\\"font-size:16px;\\\">\\u95ee\\u5377\\u6807\\u9898<\\/span><\\/div>\\n\\t\\t\\t\\t\\t\\t\\t\\t\\t\\t<\\/td>\\n\\t\\t\\t\\t\\t\\t\\t\\t\\t<\\/tr>\\n\\t\\t\\t\\t\\t\\t\\t\\t\\t<\\/tbody>\\n\\t\\t\\t\\t\\t\\t\\t\\t<\\/table>\\n\\t\\t\\t\\t\\t\\t\\t\\t<ul class=\\\"ui-questions-content-list ui-sortable\\\"><li class=\\\"ui-module items-questions\\\">\\n\\t\\t\\t\\t\\t<div class=\\\"theme-type\\\">\\n\\t\\t\\t\\t\\t\\t<div class=\\\"module-menu\\\">\\n\\t\\t\\t\\t\\t\\t\\t<h4>Q1<\\/h4>\\n\\t\\t\\t\\t\\t\\t\\t<div class=\\\"module-ctrl\\\">\\n\\t\\t\\t\\t\\t\\t\\t\\t<a href=\\\"javascript:void(0);\\\" class=\\\"ui-up-btn\\\" data-tisp=\\\"\\u4e0a\\u79fb\\\"><i class=\\\"icon-up\\\"><\\/i><\\/a>\\n\\t\\t\\t\\t\\t\\t\\t\\t<a href=\\\"javascript:void(0);\\\" class=\\\"ui-down-btn\\\" data-tisp=\\\"\\u4e0b\\u79fb\\\"><i class=\\\"icon-down\\\"><\\/i><\\/a>\\n\\t\\t\\t\\t\\t\\t\\t\\t<a href=\\\"javascript:void(0);\\\" class=\\\"ui-clone-btn\\\" data-tisp=\\\"\\u590d\\u5236\\\"><i class=\\\"icon-clone\\\"><\\/i><\\/a>\\n\\t\\t\\t\\t\\t\\t\\t\\t<a href=\\\"javascript:void(0);\\\" class=\\\"ui-del-btn\\\" data-tisp=\\\"\\u5220\\u9664\\\"><i class=\\\"icon-del\\\"><\\/i><\\/a>\\n\\t\\t\\t\\t\\t\\t\\t<\\/div>\\n\\t\\t\\t\\t\\t\\t<\\/div>\\n\\t\\t\\t\\t\\t\\t<div class=\\\"ui-drag-area ui-sortable-handle\\\">\\n\\t\\t\\t\\t\\t\\t\\t<div class=\\\"cq-title T_edit T_plugins\\\" data-tid=\\\"590\\\" type-id=\\\"1\\\">\\u4f60\\u5728\\u5bb6\\u5417\\uff1f<br><\\/div>\\n\\t\\t\\t\\t\\t\\t<\\/div>\\n\\t\\t\\t\\t\\t\\t<div class=\\\"cq-items-content\\\">\\n\\t\\t\\t\\t\\t\\t\\t<ul class=\\\"cq-unset-list\\\" data-checktype=\\\"1\\\" data-namestr=\\\"q1_1\\\">\\n\\t\\t\\t\\t\\t\\t\\t\\t\\n\\t\\t\\t\\t\\t\\t\\t\\t<li><label class=\\\"input-check\\\"><input type=\\\"radio\\\" name=\\\"q1_1\\\" value=\\\"\\u5728<br>\\\"><\\/label>\\n\\t\\t\\t\\t\\t\\t\\t\\t\\t<div class=\\\"cq-answer-content T_edit T_plugins\\\" data-tid=\\\"354\\\">\\u5728<br><\\/div>\\n\\t\\t\\t\\t\\t\\t\\t\\t<\\/li>\\n\\t\\t\\t\\t\\t\\t\\t\\t\\n\\t\\t\\t\\t\\t\\t\\t\\t<li><label class=\\\"input-check\\\"><input type=\\\"radio\\\" name=\\\"q1_1\\\" value=\\\"\\u4f60\\u5728\\u5bb6\\u5417\\uff1f<br>\\\"><\\/label>\\n\\t\\t\\t\\t\\t\\t\\t\\t\\t<div class=\\\"cq-answer-content T_edit T_plugins\\\" data-tid=\\\"348\\\">\\u9009\\u98792<\\/div>\\n\\t\\t\\t\\t\\t\\t\\t\\t<\\/li>\\n\\t\\t\\t\\t\\t\\t\\t\\t\\n\\t\\t\\t\\t\\t\\t\\t<\\/ul>\\n\\t\\t\\t\\t\\t\\t\\t<div class=\\\"cq-items-ctrl\\\">\\n\\t\\t\\t\\t\\t\\t\\t\\t<a href=\\\"javascript:void(0);\\\" class=\\\"ui-add-item-btn\\\" data-tisp=\\\"\\u6dfb\\u52a0\\\"><i class=\\\"icon-add\\\"><\\/i><\\/a>\\n\\t\\t\\t\\t\\t\\t\\t\\t<a href=\\\"javascript:void(0);\\\" class=\\\"ui-batch-item-btn\\\" data-tisp=\\\"\\u6279\\u91cf\\u6dfb\\u52a0\\\"><i class=\\\"icon-addList\\\"><\\/i><\\/a>\\n\\t\\t\\t\\t\\t\\t\\t\\t<a href=\\\"javascript:void(0);\\\" class=\\\"ui-add-answer-btn\\\" data-tisp=\\\"\\u6dfb\\u52a0\\u7b54\\u6848\\u89e3\\u6790\\\"><i class=\\\"icon-assignment\\\"><\\/i><\\/a>\\n\\t\\t\\t\\t\\t\\t\\t<\\/div>\\n\\t\\t\\t\\t\\t\\t<\\/div>\\n\\t\\t\\t\\t\\t<\\/div>\\n\\t\\t\\t\\t<\\/li><li class=\\\"ui-module items-questions\\\">\\n\\t\\t\\t\\t\\t<div class=\\\"theme-type\\\">\\n\\t\\t\\t\\t\\t\\t<div class=\\\"module-menu\\\">\\n\\t\\t\\t\\t\\t\\t\\t<h4>Q2<\\/h4>\\n\\t\\t\\t\\t\\t\\t\\t<div class=\\\"module-ctrl\\\">\\n\\t\\t\\t\\t\\t\\t\\t\\t<a href=\\\"javascript:void(0);\\\" class=\\\"ui-up-btn\\\" data-tisp=\\\"\\u4e0a\\u79fb\\\"><i class=\\\"icon-up\\\"><\\/i><\\/a>\\n\\t\\t\\t\\t\\t\\t\\t\\t<a href=\\\"javascript:void(0);\\\" class=\\\"ui-down-btn\\\" data-tisp=\\\"\\u4e0b\\u79fb\\\"><i class=\\\"icon-down\\\"><\\/i><\\/a>\\n\\t\\t\\t\\t\\t\\t\\t\\t<a href=\\\"javascript:void(0);\\\" class=\\\"ui-clone-btn\\\" data-tisp=\\\"\\u590d\\u5236\\\"><i class=\\\"icon-clone\\\"><\\/i><\\/a>\\n\\t\\t\\t\\t\\t\\t\\t\\t<a href=\\\"javascript:void(0);\\\" class=\\\"ui-del-btn\\\" data-tisp=\\\"\\u5220\\u9664\\\"><i class=\\\"icon-del\\\"><\\/i><\\/a>\\n\\t\\t\\t\\t\\t\\t\\t<\\/div>\\n\\t\\t\\t\\t\\t\\t<\\/div>\\n\\t\\t\\t\\t\\t\\t<div class=\\\"ui-drag-area ui-sortable-handle\\\">\\n\\t\\t\\t\\t\\t\\t\\t<div class=\\\"cq-title T_edit T_plugins\\\" data-tid=\\\"342\\\" type-id=\\\"2\\\">\\u4f60\\u53d1\\u70e7\\u5417<br><\\/div>\\n\\t\\t\\t\\t\\t\\t<\\/div>\\n\\t\\t\\t\\t\\t\\t<div class=\\\"cq-items-content\\\">\\n\\t\\t\\t\\t\\t\\t\\t<ul class=\\\"cq-unset-list\\\" data-checktype=\\\"2\\\" data-namestr=\\\"q2_2\\\">\\n\\t\\t\\t\\t\\t\\t\\t\\t\\n\\t\\t\\t\\t\\t\\t\\t\\t<li><label class=\\\"input-check\\\"><input type=\\\"checkbox\\\" name=\\\"q2_2\\\" value=\\\"\\u6709<br>\\\"><\\/label>\\n\\t\\t\\t\\t\\t\\t\\t\\t\\t<div class=\\\"cq-answer-content T_edit T_plugins\\\" data-tid=\\\"163\\\">\\u6709<br><\\/div>\\n\\t\\t\\t\\t\\t\\t\\t\\t<\\/li>\\n\\t\\t\\t\\t\\t\\t\\t\\t\\n\\t\\t\\t\\t\\t\\t\\t\\t<li><label class=\\\"input-check\\\"><input type=\\\"checkbox\\\" name=\\\"q2_2\\\" value=\\\"\\u6ca1\\u6709<br>\\\"><\\/label>\\n\\t\\t\\t\\t\\t\\t\\t\\t\\t<div class=\\\"cq-answer-content T_edit T_plugins\\\" data-tid=\\\"83\\\">\\u6ca1\\u6709<br><\\/div>\\n\\t\\t\\t\\t\\t\\t\\t\\t<\\/li>\\n\\t\\t\\t\\t\\t\\t\\t\\t\\n\\t\\t\\t\\t\\t\\t\\t<\\/ul>\\n\\t\\t\\t\\t\\t\\t\\t<div class=\\\"cq-items-ctrl\\\">\\n\\t\\t\\t\\t\\t\\t\\t\\t<a href=\\\"javascript:void(0);\\\" class=\\\"ui-add-item-btn\\\" data-tisp=\\\"\\u6dfb\\u52a0\\\"><i class=\\\"icon-add\\\"><\\/i><\\/a>\\n\\t\\t\\t\\t\\t\\t\\t\\t<a href=\\\"javascript:void(0);\\\" class=\\\"ui-batch-item-btn\\\" data-tisp=\\\"\\u6279\\u91cf\\u6dfb\\u52a0\\\"><i class=\\\"icon-addList\\\"><\\/i><\\/a>\\n\\t\\t\\t\\t\\t\\t\\t\\t<a href=\\\"javascript:void(0);\\\" class=\\\"ui-add-answer-btn\\\" data-tisp=\\\"\\u6dfb\\u52a0\\u7b54\\u6848\\u89e3\\u6790\\\"><i class=\\\"icon-assignment\\\"><\\/i><\\/a>\\n\\t\\t\\t\\t\\t\\t\\t<\\/div>\\n\\t\\t\\t\\t\\t\\t<\\/div>\\n\\t\\t\\t\\t\\t<\\/div>\\n\\t\\t\\t\\t<\\/li><li class=\\\"ui-module items-questions\\\">\\n\\t\\t\\t\\t\\t<div class=\\\"theme-type\\\">\\n\\t\\t\\t\\t\\t\\t<div class=\\\"module-menu\\\">\\n\\t\\t\\t\\t\\t\\t\\t<h4>Q3<\\/h4>\\n\\t\\t\\t\\t\\t\\t\\t<div class=\\\"module-ctrl\\\">\\n\\t\\t\\t\\t\\t\\t\\t\\t<a href=\\\"javascript:void(0);\\\" class=\\\"ui-up-btn\\\" data-tisp=\\\"\\u4e0a\\u79fb\\\"><i class=\\\"icon-up\\\"><\\/i><\\/a>\\n\\t\\t\\t\\t\\t\\t\\t\\t<a href=\\\"javascript:void(0);\\\" class=\\\"ui-down-btn\\\" data-tisp=\\\"\\u4e0b\\u79fb\\\"><i class=\\\"icon-down\\\"><\\/i><\\/a>\\n\\t\\t\\t\\t\\t\\t\\t\\t<a href=\\\"javascript:void(0);\\\" class=\\\"ui-clone-btn\\\" data-tisp=\\\"\\u590d\\u5236\\\"><i class=\\\"icon-clone\\\"><\\/i><\\/a>\\n\\t\\t\\t\\t\\t\\t\\t\\t<a href=\\\"javascript:void(0);\\\" class=\\\"ui-del-btn\\\" data-tisp=\\\"\\u5220\\u9664\\\"><i class=\\\"icon-del\\\"><\\/i><\\/a>\\n\\t\\t\\t\\t\\t\\t\\t<\\/div>\\n\\t\\t\\t\\t\\t\\t<\\/div>\\n\\t\\t\\t\\t\\t\\t<div class=\\\"ui-drag-area\\\">\\n\\t\\t\\t\\t\\t\\t\\t<div class=\\\"cq-title T_edit T_plugins\\\" data-tid=\\\"774\\\" type-id=\\\"3\\\"><span style=\\\"font-size:16px;\\\">\\u4f60\\u7684\\u5bb6\\u5ead\\u4f4f\\u5740\\u662f<br><\\/span><\\/div>\\n\\t\\t\\t\\t\\t\\t<\\/div>\\n\\t\\t\\t\\t\\t\\t<div class=\\\"cq-items-content\\\">\\n\\t\\t\\t\\t\\t\\t\\t<div class=\\\"describe-edit-content T_edit T_plugins\\\" data-tid=\\\"416\\\"><span style=\\\"line-height: 1.6;12px;\\\">\\u8fd9\\u91cc\\u662f\\u586b\\u7a7a\\u9898\\u76ee\\u6807\\u9898<\\/span><\\/div>\\n\\t\\t\\t\\t\\t\\t<\\/div>\\n\\t\\t\\t\\t\\t<\\/div>\\n\\t\\t\\t\\t<\\/li><\\/ul>\\n\\t\\t\\t\\t\\t\\t\\t\\t<ul class=\\\"ui-foot-all-list\\\"><\\/ul>\\n\\t\\t\\t\\t\\t\\t\\t<\\/div>\"}', '228');
INSERT INTO `tp_showhtml` VALUES ('155', '{\"html2\":\"<div class=\\\"create-questions\\\">\\n\\t\\t\\t\\t\\t\\t\\t\\t<div class=\\\"questions-head-title\\\"><h4 class=\\\"h4-bg T_edit T-center\\\" data-tid=\\\"10001\\\" id=\\\"questionTitle\\\"><span style=\\\"font-size:18px;\\\">\\u95ee\\u5377\\u6807\\u9898<\\/span><\\/h4><\\/div>\\n\\t\\t\\t\\t\\t\\t\\t\\t<table class=\\\"questions-items-title\\\">\\n\\t\\t\\t\\t\\t\\t\\t\\t\\t<tbody>\\n\\t\\t\\t\\t\\t\\t\\t\\t\\t<tr>\\n\\t\\t\\t\\t\\t\\t\\t\\t\\t\\t<td class=\\\"module-menu\\\"><\\/td>\\n\\t\\t\\t\\t\\t\\t\\t\\t\\t\\t<td><div class=\\\"cq-title T_edit\\\" data-tid=\\\"10002\\\" id=\\\"questionExamTitle\\\"><span style=\\\"font-size:16px;\\\">\\u95ee\\u5377\\u6807\\u9898<\\/span><\\/div>\\n\\t\\t\\t\\t\\t\\t\\t\\t\\t\\t<\\/td>\\n\\t\\t\\t\\t\\t\\t\\t\\t\\t<\\/tr>\\n\\t\\t\\t\\t\\t\\t\\t\\t\\t<\\/tbody>\\n\\t\\t\\t\\t\\t\\t\\t\\t<\\/table>\\n\\t\\t\\t\\t\\t\\t\\t\\t<ul class=\\\"ui-questions-content-list ui-sortable\\\"><li class=\\\"ui-module items-questions\\\">\\n\\t\\t\\t\\t\\t<div class=\\\"theme-type\\\">\\n\\t\\t\\t\\t\\t\\t<div class=\\\"module-menu\\\">\\n\\t\\t\\t\\t\\t\\t\\t<h4>Q1<\\/h4>\\n\\t\\t\\t\\t\\t\\t\\t<div class=\\\"module-ctrl\\\">\\n\\t\\t\\t\\t\\t\\t\\t\\t<a href=\\\"javascript:void(0);\\\" class=\\\"ui-up-btn\\\" data-tisp=\\\"\\u4e0a\\u79fb\\\"><i class=\\\"icon-up\\\"><\\/i><\\/a>\\n\\t\\t\\t\\t\\t\\t\\t\\t<a href=\\\"javascript:void(0);\\\" class=\\\"ui-down-btn\\\" data-tisp=\\\"\\u4e0b\\u79fb\\\"><i class=\\\"icon-down\\\"><\\/i><\\/a>\\n\\t\\t\\t\\t\\t\\t\\t\\t<a href=\\\"javascript:void(0);\\\" class=\\\"ui-clone-btn\\\" data-tisp=\\\"\\u590d\\u5236\\\"><i class=\\\"icon-clone\\\"><\\/i><\\/a>\\n\\t\\t\\t\\t\\t\\t\\t\\t<a href=\\\"javascript:void(0);\\\" class=\\\"ui-del-btn\\\" data-tisp=\\\"\\u5220\\u9664\\\"><i class=\\\"icon-del\\\"><\\/i><\\/a>\\n\\t\\t\\t\\t\\t\\t\\t<\\/div>\\n\\t\\t\\t\\t\\t\\t<\\/div>\\n\\t\\t\\t\\t\\t\\t<div class=\\\"ui-drag-area\\\">\\n\\t\\t\\t\\t\\t\\t\\t<div class=\\\"cq-title T_edit T_plugins\\\" data-tid=\\\"589\\\" type-id=\\\"1\\\">asdasdfasdf <br><\\/div>\\n\\t\\t\\t\\t\\t\\t<\\/div>\\n\\t\\t\\t\\t\\t\\t<div class=\\\"cq-items-content\\\">\\n\\t\\t\\t\\t\\t\\t\\t<ul class=\\\"cq-unset-list\\\" data-checktype=\\\"1\\\" data-namestr=\\\"q1_2\\\">\\n\\t\\t\\t\\t\\t\\t\\t\\t\\n\\t\\t\\t\\t\\t\\t\\t\\t<li><label class=\\\"input-check\\\"><input type=\\\"radio\\\" name=\\\"q1_2\\\" value=\\\"asdasdfasdf <br>\\\"><\\/label>\\n\\t\\t\\t\\t\\t\\t\\t\\t\\t<div class=\\\"cq-answer-content T_edit T_plugins\\\" data-tid=\\\"4\\\">\\u9009\\u98791<\\/div>\\n\\t\\t\\t\\t\\t\\t\\t\\t<\\/li>\\n\\t\\t\\t\\t\\t\\t\\t\\t\\n\\t\\t\\t\\t\\t\\t\\t\\t<li><label class=\\\"input-check\\\"><input type=\\\"radio\\\" name=\\\"q1_2\\\" value=\\\"asdasdfasdf <br>\\\"><\\/label>\\n\\t\\t\\t\\t\\t\\t\\t\\t\\t<div class=\\\"cq-answer-content T_edit T_plugins\\\" data-tid=\\\"228\\\">\\u9009\\u98792<\\/div>\\n\\t\\t\\t\\t\\t\\t\\t\\t<\\/li>\\n\\t\\t\\t\\t\\t\\t\\t\\t\\n\\t\\t\\t\\t\\t\\t\\t<\\/ul>\\n\\t\\t\\t\\t\\t\\t\\t<div class=\\\"cq-items-ctrl\\\">\\n\\t\\t\\t\\t\\t\\t\\t\\t<a href=\\\"javascript:void(0);\\\" class=\\\"ui-add-item-btn\\\" data-tisp=\\\"\\u6dfb\\u52a0\\\"><i class=\\\"icon-add\\\"><\\/i><\\/a>\\n\\t\\t\\t\\t\\t\\t\\t\\t<a href=\\\"javascript:void(0);\\\" class=\\\"ui-batch-item-btn\\\" data-tisp=\\\"\\u6279\\u91cf\\u6dfb\\u52a0\\\"><i class=\\\"icon-addList\\\"><\\/i><\\/a>\\n\\t\\t\\t\\t\\t\\t\\t\\t<a href=\\\"javascript:void(0);\\\" class=\\\"ui-add-answer-btn\\\" data-tisp=\\\"\\u6dfb\\u52a0\\u7b54\\u6848\\u89e3\\u6790\\\"><i class=\\\"icon-assignment\\\"><\\/i><\\/a>\\n\\t\\t\\t\\t\\t\\t\\t<\\/div>\\n\\t\\t\\t\\t\\t\\t<\\/div>\\n\\t\\t\\t\\t\\t<\\/div>\\n\\t\\t\\t\\t<\\/li><li class=\\\"ui-module items-questions\\\">\\n\\t\\t\\t\\t\\t<div class=\\\"theme-type\\\">\\n\\t\\t\\t\\t\\t\\t<div class=\\\"module-menu\\\">\\n\\t\\t\\t\\t\\t\\t\\t<h4>Q2<\\/h4>\\n\\t\\t\\t\\t\\t\\t\\t<div class=\\\"module-ctrl\\\">\\n\\t\\t\\t\\t\\t\\t\\t\\t<a href=\\\"javascript:void(0);\\\" class=\\\"ui-up-btn\\\" data-tisp=\\\"\\u4e0a\\u79fb\\\"><i class=\\\"icon-up\\\"><\\/i><\\/a>\\n\\t\\t\\t\\t\\t\\t\\t\\t<a href=\\\"javascript:void(0);\\\" class=\\\"ui-down-btn\\\" data-tisp=\\\"\\u4e0b\\u79fb\\\"><i class=\\\"icon-down\\\"><\\/i><\\/a>\\n\\t\\t\\t\\t\\t\\t\\t\\t<a href=\\\"javascript:void(0);\\\" class=\\\"ui-clone-btn\\\" data-tisp=\\\"\\u590d\\u5236\\\"><i class=\\\"icon-clone\\\"><\\/i><\\/a>\\n\\t\\t\\t\\t\\t\\t\\t\\t<a href=\\\"javascript:void(0);\\\" class=\\\"ui-del-btn\\\" data-tisp=\\\"\\u5220\\u9664\\\"><i class=\\\"icon-del\\\"><\\/i><\\/a>\\n\\t\\t\\t\\t\\t\\t\\t<\\/div>\\n\\t\\t\\t\\t\\t\\t<\\/div>\\n\\t\\t\\t\\t\\t\\t<div class=\\\"ui-drag-area\\\">\\n\\t\\t\\t\\t\\t\\t\\t<div class=\\\"cq-title T_edit T_plugins\\\" data-tid=\\\"23\\\" type-id=\\\"3\\\" style=\\\"font-size:16px;\\\">xcvzxcvzxcvx<br><\\/div>\\n\\t\\t\\t\\t\\t\\t<\\/div>\\n\\t\\t\\t\\t\\t\\t<div class=\\\"cq-items-content\\\">\\n\\t\\t\\t\\t\\t\\t\\t<div class=\\\"describe-edit-content T_edit T_plugins\\\" data-tid=\\\"110\\\"><span style=\\\"line-height: 1.6;12px;\\\">\\u8fd9\\u91cc\\u662f\\u586b\\u7a7a\\u9898\\u76ee\\u6807\\u9898<\\/span><\\/div>\\n\\t\\t\\t\\t\\t\\t<\\/div>\\n\\t\\t\\t\\t\\t<\\/div>\\n\\t\\t\\t\\t<\\/li><\\/ul>\\n\\t\\t\\t\\t\\t\\t\\t\\t<ul class=\\\"ui-foot-all-list\\\"><\\/ul>\\n\\t\\t\\t\\t\\t\\t\\t<\\/div>\"}', '228');
INSERT INTO `tp_showhtml` VALUES ('169', '{\"html2\":\"<div class=\\\"create-questions\\\">\\n\\t\\t\\t\\t\\t\\t\\t\\t<div class=\\\"questions-head-title\\\"><h4 class=\\\"h4-bg T_edit T-center\\\" data-tid=\\\"10001\\\" id=\\\"questionTitle\\\"><span style=\\\"font-size:18px;\\\">\\u8fd9\\u662f\\u4e00\\u4efd\\u95ee\\u5377<br><\\/span><\\/h4><\\/div>\\n\\t\\t\\t\\t\\t\\t\\t\\t<table class=\\\"questions-items-title\\\">\\n\\t\\t\\t\\t\\t\\t\\t\\t\\t<tbody>\\n\\t\\t\\t\\t\\t\\t\\t\\t\\t<tr>\\n\\t\\t\\t\\t\\t\\t\\t\\t\\t\\t<td class=\\\"module-menu\\\"><\\/td>\\n\\t\\t\\t\\t\\t\\t\\t\\t\\t\\t<td><div class=\\\"cq-title T_edit\\\" data-tid=\\\"10002\\\" id=\\\"questionExamTitle\\\"><span style=\\\"font-size:16px;\\\"><br><\\/span><\\/div>\\n\\t\\t\\t\\t\\t\\t\\t\\t\\t\\t<\\/td>\\n\\t\\t\\t\\t\\t\\t\\t\\t\\t<\\/tr>\\n\\t\\t\\t\\t\\t\\t\\t\\t\\t<\\/tbody>\\n\\t\\t\\t\\t\\t\\t\\t\\t<\\/table>\\n\\t\\t\\t\\t\\t\\t\\t\\t<ul class=\\\"ui-questions-content-list ui-sortable\\\"><li class=\\\"ui-module items-questions\\\">\\n\\t\\t\\t\\t\\t<div class=\\\"theme-type\\\">\\n\\t\\t\\t\\t\\t\\t<div class=\\\"module-menu\\\">\\n\\t\\t\\t\\t\\t\\t\\t<h4>Q1<\\/h4>\\n\\t\\t\\t\\t\\t\\t\\t<div class=\\\"module-ctrl\\\">\\n\\t\\t\\t\\t\\t\\t\\t\\t<a href=\\\"javascript:void(0);\\\" class=\\\"ui-up-btn\\\" data-tisp=\\\"\\u4e0a\\u79fb\\\"><i class=\\\"icon-up\\\"><\\/i><\\/a>\\n\\t\\t\\t\\t\\t\\t\\t\\t<a href=\\\"javascript:void(0);\\\" class=\\\"ui-down-btn\\\" data-tisp=\\\"\\u4e0b\\u79fb\\\"><i class=\\\"icon-down\\\"><\\/i><\\/a>\\n\\t\\t\\t\\t\\t\\t\\t\\t<a href=\\\"javascript:void(0);\\\" class=\\\"ui-clone-btn\\\" data-tisp=\\\"\\u590d\\u5236\\\"><i class=\\\"icon-clone\\\"><\\/i><\\/a>\\n\\t\\t\\t\\t\\t\\t\\t\\t<a href=\\\"javascript:void(0);\\\" class=\\\"ui-del-btn\\\" data-tisp=\\\"\\u5220\\u9664\\\"><i class=\\\"icon-del\\\"><\\/i><\\/a>\\n\\t\\t\\t\\t\\t\\t\\t<\\/div>\\n\\t\\t\\t\\t\\t\\t<\\/div>\\n\\t\\t\\t\\t\\t\\t<div class=\\\"ui-drag-area\\\">\\n\\t\\t\\t\\t\\t\\t\\t<div class=\\\"cq-title T_edit T_plugins\\\" data-tid=\\\"957\\\" type-id=\\\"1\\\"><span>\\u4f60\\u4f1a\\u6570\\u5b57\\u5417<br><\\/span><\\/div><\\/div>\\n\\t\\t\\t\\t\\t\\t<div class=\\\"cq-items-content\\\">\\n\\t\\t\\t\\t\\t\\t\\t<ul class=\\\"cq-unset-list\\\" data-checktype=\\\"1\\\" data-namestr=\\\"q1_5\\\">\\n\\t\\t\\t\\t\\t\\t\\t\\t\\n\\t\\t\\t\\t\\t\\t\\t\\t<li><label class=\\\"input-check\\\"><input type=\\\"radio\\\" name=\\\"q1_5\\\" value=\\\"\\u4f1a<br>\\\"><\\/label>\\n\\t\\t\\t\\t\\t\\t\\t\\t\\t<div class=\\\"cq-answer-content T_edit T_plugins\\\" data-tid=\\\"553\\\">\\u4f1a<br><\\/div>\\n\\t\\t\\t\\t\\t\\t\\t\\t<\\/li>\\n\\t\\t\\t\\t\\t\\t\\t\\t\\n\\t\\t\\t\\t\\t\\t\\t\\t<li><label class=\\\"input-check\\\"><input type=\\\"radio\\\" name=\\\"q1_5\\\" value=\\\"\\u4e0d\\u4f1a<br>\\\"><\\/label>\\n\\t\\t\\t\\t\\t\\t\\t\\t\\t<div class=\\\"cq-answer-content T_edit T_plugins\\\" data-tid=\\\"928\\\">\\u4e0d\\u4f1a<br><\\/div>\\n\\t\\t\\t\\t\\t\\t\\t\\t<\\/li>\\n\\t\\t\\t\\t\\t\\t\\t\\t\\n\\t\\t\\t\\t\\t\\t\\t<\\/ul>\\n\\t\\t\\t\\t\\t\\t\\t<div class=\\\"cq-items-ctrl\\\">\\n\\t\\t\\t\\t\\t\\t\\t\\t<a href=\\\"javascript:void(0);\\\" class=\\\"ui-add-item-btn\\\" data-tisp=\\\"\\u6dfb\\u52a0\\\"><i class=\\\"icon-add\\\"><\\/i><\\/a>\\n\\t\\t\\t\\t\\t\\t\\t\\t<a href=\\\"javascript:void(0);\\\" class=\\\"ui-batch-item-btn\\\" data-tisp=\\\"\\u6279\\u91cf\\u6dfb\\u52a0\\\"><i class=\\\"icon-addList\\\"><\\/i><\\/a>\\n\\t\\t\\t\\t\\t\\t\\t\\t<a href=\\\"javascript:void(0);\\\" class=\\\"ui-add-answer-btn\\\" data-tisp=\\\"\\u6dfb\\u52a0\\u7b54\\u6848\\u89e3\\u6790\\\"><i class=\\\"icon-assignment\\\"><\\/i><\\/a>\\n\\t\\t\\t\\t\\t\\t\\t<\\/div>\\n\\t\\t\\t\\t\\t\\t<\\/div>\\n\\t\\t\\t\\t\\t<\\/div>\\n\\t\\t\\t\\t<\\/li><li class=\\\"ui-module items-questions\\\">\\n\\t\\t\\t\\t\\t<div class=\\\"theme-type\\\">\\n\\t\\t\\t\\t\\t\\t<div class=\\\"module-menu\\\">\\n\\t\\t\\t\\t\\t\\t\\t<h4>Q2<\\/h4>\\n\\t\\t\\t\\t\\t\\t\\t<div class=\\\"module-ctrl\\\">\\n\\t\\t\\t\\t\\t\\t\\t\\t<a href=\\\"javascript:void(0);\\\" class=\\\"ui-up-btn\\\" data-tisp=\\\"\\u4e0a\\u79fb\\\"><i class=\\\"icon-up\\\"><\\/i><\\/a>\\n\\t\\t\\t\\t\\t\\t\\t\\t<a href=\\\"javascript:void(0);\\\" class=\\\"ui-down-btn\\\" data-tisp=\\\"\\u4e0b\\u79fb\\\"><i class=\\\"icon-down\\\"><\\/i><\\/a>\\n\\t\\t\\t\\t\\t\\t\\t\\t<a href=\\\"javascript:void(0);\\\" class=\\\"ui-clone-btn\\\" data-tisp=\\\"\\u590d\\u5236\\\"><i class=\\\"icon-clone\\\"><\\/i><\\/a>\\n\\t\\t\\t\\t\\t\\t\\t\\t<a href=\\\"javascript:void(0);\\\" class=\\\"ui-del-btn\\\" data-tisp=\\\"\\u5220\\u9664\\\"><i class=\\\"icon-del\\\"><\\/i><\\/a>\\n\\t\\t\\t\\t\\t\\t\\t<\\/div>\\n\\t\\t\\t\\t\\t\\t<\\/div>\\n\\t\\t\\t\\t\\t\\t<div class=\\\"ui-drag-area\\\">\\n\\t\\t\\t\\t\\t\\t\\t<div class=\\\"cq-title T_edit T_plugins\\\" data-tid=\\\"178\\\" type-id=\\\"2\\\"><span>\\u8fd9\\u662f\\u6211\\u7684\\u4ec0\\u4e48\\u4e1c\\u897f<br><\\/span><\\/div><\\/div>\\n\\t\\t\\t\\t\\t\\t<div class=\\\"cq-items-content\\\">\\n\\t\\t\\t\\t\\t\\t\\t<ul class=\\\"cq-unset-list\\\" data-checktype=\\\"2\\\" data-namestr=\\\"q2_6\\\">\\n\\t\\t\\t\\t\\t\\t\\t\\t\\n\\t\\t\\t\\t\\t\\t\\t\\t<li><label class=\\\"input-check\\\"><input type=\\\"checkbox\\\" name=\\\"q2_6\\\" value=\\\"\\u624b<br>\\\"><\\/label>\\n\\t\\t\\t\\t\\t\\t\\t\\t\\t<div class=\\\"cq-answer-content T_edit T_plugins\\\" data-tid=\\\"847\\\">\\u624b<br><\\/div>\\n\\t\\t\\t\\t\\t\\t\\t\\t<\\/li>\\n\\t\\t\\t\\t\\t\\t\\t\\t\\n\\t\\t\\t\\t\\t\\t\\t\\t<li><label class=\\\"input-check\\\"><input type=\\\"checkbox\\\" name=\\\"q2_6\\\" value=\\\"\\u811a<br>\\\"><\\/label>\\n\\t\\t\\t\\t\\t\\t\\t\\t\\t<div class=\\\"cq-answer-content T_edit T_plugins\\\" data-tid=\\\"550\\\">\\u811a<br><\\/div>\\n\\t\\t\\t\\t\\t\\t\\t\\t<\\/li>\\n\\t\\t\\t\\t\\t\\t\\t\\t\\n\\t\\t\\t\\t\\t\\t\\t<\\/ul>\\n\\t\\t\\t\\t\\t\\t\\t<div class=\\\"cq-items-ctrl\\\">\\n\\t\\t\\t\\t\\t\\t\\t\\t<a href=\\\"javascript:void(0);\\\" class=\\\"ui-add-item-btn\\\" data-tisp=\\\"\\u6dfb\\u52a0\\\"><i class=\\\"icon-add\\\"><\\/i><\\/a>\\n\\t\\t\\t\\t\\t\\t\\t\\t<a href=\\\"javascript:void(0);\\\" class=\\\"ui-batch-item-btn\\\" data-tisp=\\\"\\u6279\\u91cf\\u6dfb\\u52a0\\\"><i class=\\\"icon-addList\\\"><\\/i><\\/a>\\n\\t\\t\\t\\t\\t\\t\\t\\t<a href=\\\"javascript:void(0);\\\" class=\\\"ui-add-answer-btn\\\" data-tisp=\\\"\\u6dfb\\u52a0\\u7b54\\u6848\\u89e3\\u6790\\\"><i class=\\\"icon-assignment\\\"><\\/i><\\/a>\\n\\t\\t\\t\\t\\t\\t\\t<\\/div>\\n\\t\\t\\t\\t\\t\\t<\\/div>\\n\\t\\t\\t\\t\\t<\\/div>\\n\\t\\t\\t\\t<\\/li><li class=\\\"ui-module items-questions\\\">\\n\\t\\t\\t\\t\\t<div class=\\\"theme-type\\\">\\n\\t\\t\\t\\t\\t\\t<div class=\\\"module-menu\\\">\\n\\t\\t\\t\\t\\t\\t\\t<h4>Q3<\\/h4>\\n\\t\\t\\t\\t\\t\\t\\t<div class=\\\"module-ctrl\\\">\\n\\t\\t\\t\\t\\t\\t\\t\\t<a href=\\\"javascript:void(0);\\\" class=\\\"ui-up-btn\\\" data-tisp=\\\"\\u4e0a\\u79fb\\\"><i class=\\\"icon-up\\\"><\\/i><\\/a>\\n\\t\\t\\t\\t\\t\\t\\t\\t<a href=\\\"javascript:void(0);\\\" class=\\\"ui-down-btn\\\" data-tisp=\\\"\\u4e0b\\u79fb\\\"><i class=\\\"icon-down\\\"><\\/i><\\/a>\\n\\t\\t\\t\\t\\t\\t\\t\\t<a href=\\\"javascript:void(0);\\\" class=\\\"ui-clone-btn\\\" data-tisp=\\\"\\u590d\\u5236\\\"><i class=\\\"icon-clone\\\"><\\/i><\\/a>\\n\\t\\t\\t\\t\\t\\t\\t\\t<a href=\\\"javascript:void(0);\\\" class=\\\"ui-del-btn\\\" data-tisp=\\\"\\u5220\\u9664\\\"><i class=\\\"icon-del\\\"><\\/i><\\/a>\\n\\t\\t\\t\\t\\t\\t\\t<\\/div>\\n\\t\\t\\t\\t\\t\\t<\\/div>\\n\\t\\t\\t\\t\\t\\t<div class=\\\"ui-drag-area\\\">\\n\\t\\t\\t\\t\\t\\t\\t<div class=\\\"cq-title T_edit T_plugins\\\" data-tid=\\\"67\\\" type-id=\\\"1\\\"><span>\\u559c\\u6b22\\u9999\\u8549\\u5417<br><\\/span><\\/div><\\/div>\\n\\t\\t\\t\\t\\t\\t<div class=\\\"cq-items-content\\\">\\n\\t\\t\\t\\t\\t\\t\\t<ul class=\\\"cq-unset-list\\\" data-checktype=\\\"1\\\" data-namestr=\\\"q1_7\\\">\\n\\t\\t\\t\\t\\t\\t\\t\\t\\n\\t\\t\\t\\t\\t\\t\\t\\t<li><label class=\\\"input-check\\\"><input type=\\\"radio\\\" name=\\\"q1_7\\\" value=\\\"\\u559c\\u6b22<br>\\\"><\\/label>\\n\\t\\t\\t\\t\\t\\t\\t\\t\\t<div class=\\\"cq-answer-content T_edit T_plugins\\\" data-tid=\\\"655\\\">\\u559c\\u6b22<br><\\/div>\\n\\t\\t\\t\\t\\t\\t\\t\\t<\\/li>\\n\\t\\t\\t\\t\\t\\t\\t\\t\\n\\t\\t\\t\\t\\t\\t\\t\\t<li><label class=\\\"input-check\\\"><input type=\\\"radio\\\" name=\\\"q1_7\\\" value=\\\"\\u4e0d\\u559c\\u6b22<br>\\\"><\\/label>\\n\\t\\t\\t\\t\\t\\t\\t\\t\\t<div class=\\\"cq-answer-content T_edit T_plugins\\\" data-tid=\\\"576\\\">\\u4e0d\\u559c\\u6b22<br><\\/div>\\n\\t\\t\\t\\t\\t\\t\\t\\t<\\/li>\\n\\t\\t\\t\\t\\t\\t\\t\\t\\n\\t\\t\\t\\t\\t\\t\\t<\\/ul>\\n\\t\\t\\t\\t\\t\\t\\t<div class=\\\"cq-items-ctrl\\\">\\n\\t\\t\\t\\t\\t\\t\\t\\t<a href=\\\"javascript:void(0);\\\" class=\\\"ui-add-item-btn\\\" data-tisp=\\\"\\u6dfb\\u52a0\\\"><i class=\\\"icon-add\\\"><\\/i><\\/a>\\n\\t\\t\\t\\t\\t\\t\\t\\t<a href=\\\"javascript:void(0);\\\" class=\\\"ui-batch-item-btn\\\" data-tisp=\\\"\\u6279\\u91cf\\u6dfb\\u52a0\\\"><i class=\\\"icon-addList\\\"><\\/i><\\/a>\\n\\t\\t\\t\\t\\t\\t\\t\\t<a href=\\\"javascript:void(0);\\\" class=\\\"ui-add-answer-btn\\\" data-tisp=\\\"\\u6dfb\\u52a0\\u7b54\\u6848\\u89e3\\u6790\\\"><i class=\\\"icon-assignment\\\"><\\/i><\\/a>\\n\\t\\t\\t\\t\\t\\t\\t<\\/div>\\n\\t\\t\\t\\t\\t\\t<\\/div>\\n\\t\\t\\t\\t\\t<\\/div>\\n\\t\\t\\t\\t<\\/li><li class=\\\"ui-module items-questions\\\">\\n\\t\\t\\t\\t\\t<div class=\\\"theme-type\\\">\\n\\t\\t\\t\\t\\t\\t<div class=\\\"module-menu\\\">\\n\\t\\t\\t\\t\\t\\t\\t<h4>Q4<\\/h4>\\n\\t\\t\\t\\t\\t\\t\\t<div class=\\\"module-ctrl\\\">\\n\\t\\t\\t\\t\\t\\t\\t\\t<a href=\\\"javascript:void(0);\\\" class=\\\"ui-up-btn\\\" data-tisp=\\\"\\u4e0a\\u79fb\\\"><i class=\\\"icon-up\\\"><\\/i><\\/a>\\n\\t\\t\\t\\t\\t\\t\\t\\t<a href=\\\"javascript:void(0);\\\" class=\\\"ui-down-btn\\\" data-tisp=\\\"\\u4e0b\\u79fb\\\"><i class=\\\"icon-down\\\"><\\/i><\\/a>\\n\\t\\t\\t\\t\\t\\t\\t\\t<a href=\\\"javascript:void(0);\\\" class=\\\"ui-clone-btn\\\" data-tisp=\\\"\\u590d\\u5236\\\"><i class=\\\"icon-clone\\\"><\\/i><\\/a>\\n\\t\\t\\t\\t\\t\\t\\t\\t<a href=\\\"javascript:void(0);\\\" class=\\\"ui-del-btn\\\" data-tisp=\\\"\\u5220\\u9664\\\"><i class=\\\"icon-del\\\"><\\/i><\\/a>\\n\\t\\t\\t\\t\\t\\t\\t<\\/div>\\n\\t\\t\\t\\t\\t\\t<\\/div>\\n\\t\\t\\t\\t\\t\\t<div class=\\\"ui-drag-area\\\">\\n\\t\\t\\t\\t\\t\\t\\t<div class=\\\"cq-title T_edit T_plugins\\\" data-tid=\\\"958\\\" type-id=\\\"3\\\" style=\\\"font-size:16px;\\\"><span>\\u4f60\\u6700\\u559c\\u6b22\\u5e72\\u4ec0\\u4e48\\u4e8b\\u60c5<br><\\/span><\\/div>\\n\\t\\t\\t\\t\\t\\t<\\/div>\\n\\t\\t\\t\\t\\t\\t<div class=\\\"cq-items-content\\\">\\n\\t\\t\\t\\t\\t\\t\\t<div class=\\\"describe-edit-content T_edit T_plugins\\\" data-tid=\\\"273\\\"><span style=\\\"line-height: 1.6;12px;\\\">\\u8fd9\\u91cc\\u662f\\u586b\\u7a7a\\u9898\\u76ee\\u6807\\u9898<\\/span><\\/div>\\n\\t\\t\\t\\t\\t\\t<\\/div>\\n\\t\\t\\t\\t\\t<\\/div>\\n\\t\\t\\t\\t<\\/li><\\/ul>\\n\\t\\t\\t\\t\\t\\t\\t\\t<ul class=\\\"ui-foot-all-list\\\"><\\/ul>\\n\\t\\t\\t\\t\\t\\t\\t<\\/div>\"}', '245');
INSERT INTO `tp_showhtml` VALUES ('171', '{\"html2\":\"<div class=\\\"create-questions\\\">\\n\\t\\t\\t\\t\\t\\t\\t\\t<div class=\\\"questions-head-title\\\"><h4 class=\\\"h4-bg T_edit T-center\\\" data-tid=\\\"10001\\\" id=\\\"questionTitle\\\"><span style=\\\"font-size:18px;\\\">\\u5b9e\\u6253\\u5b9e\\u5927\\u554a<\\/span><\\/h4><\\/div>\\n\\t\\t\\t\\t\\t\\t\\t\\t<table class=\\\"questions-items-title\\\">\\n\\t\\t\\t\\t\\t\\t\\t\\t\\t<tbody>\\n\\t\\t\\t\\t\\t\\t\\t\\t\\t<tr>\\n\\t\\t\\t\\t\\t\\t\\t\\t\\t\\t<td class=\\\"module-menu\\\"><\\/td>\\n\\t\\t\\t\\t\\t\\t\\t\\t\\t\\t<td><div class=\\\"cq-title T_edit\\\" data-tid=\\\"10002\\\" id=\\\"questionExamTitle\\\"><span style=\\\"font-size:16px;\\\">\\u95ee\\u5377\\u6807\\u9898<\\/span><\\/div>\\n\\t\\t\\t\\t\\t\\t\\t\\t\\t\\t<\\/td>\\n\\t\\t\\t\\t\\t\\t\\t\\t\\t<\\/tr>\\n\\t\\t\\t\\t\\t\\t\\t\\t\\t<\\/tbody>\\n\\t\\t\\t\\t\\t\\t\\t\\t<\\/table>\\n\\t\\t\\t\\t\\t\\t\\t\\t<ul class=\\\"ui-questions-content-list ui-sortable\\\"><li class=\\\"ui-module items-questions\\\" style=\\\"opacity: 1;\\\">\\n\\t\\t\\t\\t\\t<div class=\\\"theme-type\\\">\\n\\t\\t\\t\\t\\t\\t<div class=\\\"module-menu\\\">\\n\\t\\t\\t\\t\\t\\t\\t<h4>Q1<\\/h4>\\n\\t\\t\\t\\t\\t\\t\\t<div class=\\\"module-ctrl\\\">\\n\\t\\t\\t\\t\\t\\t\\t\\t<a href=\\\"javascript:void(0);\\\" class=\\\"ui-up-btn\\\" data-tisp=\\\"\\u4e0a\\u79fb\\\"><i class=\\\"icon-up\\\"><\\/i><\\/a>\\n\\t\\t\\t\\t\\t\\t\\t\\t<a href=\\\"javascript:void(0);\\\" class=\\\"ui-down-btn\\\" data-tisp=\\\"\\u4e0b\\u79fb\\\"><i class=\\\"icon-down\\\"><\\/i><\\/a>\\n\\t\\t\\t\\t\\t\\t\\t\\t<a href=\\\"javascript:void(0);\\\" class=\\\"ui-clone-btn\\\" data-tisp=\\\"\\u590d\\u5236\\\"><i class=\\\"icon-clone\\\"><\\/i><\\/a>\\n\\t\\t\\t\\t\\t\\t\\t\\t<a href=\\\"javascript:void(0);\\\" class=\\\"ui-del-btn\\\" data-tisp=\\\"\\u5220\\u9664\\\"><i class=\\\"icon-del\\\"><\\/i><\\/a>\\n\\t\\t\\t\\t\\t\\t\\t<\\/div>\\n\\t\\t\\t\\t\\t\\t<\\/div>\\n\\t\\t\\t\\t\\t\\t<div class=\\\"ui-drag-area\\\">\\n\\t\\t\\t\\t\\t\\t\\t<div class=\\\"cq-title T_edit T_plugins\\\" data-tid=\\\"25\\\" type-id=\\\"2\\\"><span>\\u4f60\\u559c\\u6b22\\u4ec0\\u4e48<br><\\/span><\\/div><\\/div>\\n\\t\\t\\t\\t\\t\\t<div class=\\\"cq-items-content\\\">\\n\\t\\t\\t\\t\\t\\t\\t<ul class=\\\"cq-unset-list\\\" data-checktype=\\\"2\\\" data-namestr=\\\"q2_1\\\">\\n\\t\\t\\t\\t\\t\\t\\t\\t\\n\\t\\t\\t\\t\\t\\t\\t\\t<li><label class=\\\"input-check\\\"><input type=\\\"checkbox\\\" name=\\\"q2_1\\\" value=\\\"\\u7bee\\u7403<br>\\\"><\\/label>\\n\\t\\t\\t\\t\\t\\t\\t\\t\\t<div class=\\\"cq-answer-content T_edit T_plugins\\\" data-tid=\\\"285\\\">\\u7bee\\u7403<br><\\/div>\\n\\t\\t\\t\\t\\t\\t\\t\\t<\\/li>\\n\\t\\t\\t\\t\\t\\t\\t\\t\\n\\t\\t\\t\\t\\t\\t\\t\\t<li><label class=\\\"input-check\\\"><input type=\\\"checkbox\\\" name=\\\"q2_1\\\" value=\\\"<span>\\u4f60\\u559c\\u6b22\\u4ec0\\u4e48<br><\\/span>\\\"><\\/label>\\n\\t\\t\\t\\t\\t\\t\\t\\t\\t<div class=\\\"cq-answer-content T_edit T_plugins\\\" data-tid=\\\"326\\\">\\u6e38\\u620f<br><\\/div>\\n\\t\\t\\t\\t\\t\\t\\t\\t<\\/li>\\n\\t\\t\\t\\t\\t\\t\\t\\t\\n\\t\\t\\t\\t\\t\\t\\t<\\/ul>\\n\\t\\t\\t\\t\\t\\t\\t<div class=\\\"cq-items-ctrl\\\">\\n\\t\\t\\t\\t\\t\\t\\t\\t<a href=\\\"javascript:void(0);\\\" class=\\\"ui-add-item-btn\\\" data-tisp=\\\"\\u6dfb\\u52a0\\\"><i class=\\\"icon-add\\\"><\\/i><\\/a>\\n\\t\\t\\t\\t\\t\\t\\t\\t<a href=\\\"javascript:void(0);\\\" class=\\\"ui-batch-item-btn\\\" data-tisp=\\\"\\u6279\\u91cf\\u6dfb\\u52a0\\\"><i class=\\\"icon-addList\\\"><\\/i><\\/a>\\n\\t\\t\\t\\t\\t\\t\\t\\t<a href=\\\"javascript:void(0);\\\" class=\\\"ui-add-answer-btn\\\" data-tisp=\\\"\\u6dfb\\u52a0\\u7b54\\u6848\\u89e3\\u6790\\\"><i class=\\\"icon-assignment\\\"><\\/i><\\/a>\\n\\t\\t\\t\\t\\t\\t\\t<\\/div>\\n\\t\\t\\t\\t\\t\\t<\\/div>\\n\\t\\t\\t\\t\\t<\\/div>\\n\\t\\t\\t\\t<\\/li><li class=\\\"ui-module items-questions\\\" style=\\\"opacity: 1;\\\">\\n\\t\\t\\t\\t\\t<div class=\\\"theme-type\\\">\\n\\t\\t\\t\\t\\t\\t<div class=\\\"module-menu\\\">\\n\\t\\t\\t\\t\\t\\t\\t<h4>Q2<\\/h4>\\n\\t\\t\\t\\t\\t\\t\\t<div class=\\\"module-ctrl\\\">\\n\\t\\t\\t\\t\\t\\t\\t\\t<a href=\\\"javascript:void(0);\\\" class=\\\"ui-up-btn\\\" data-tisp=\\\"\\u4e0a\\u79fb\\\"><i class=\\\"icon-up\\\"><\\/i><\\/a>\\n\\t\\t\\t\\t\\t\\t\\t\\t<a href=\\\"javascript:void(0);\\\" class=\\\"ui-down-btn\\\" data-tisp=\\\"\\u4e0b\\u79fb\\\"><i class=\\\"icon-down\\\"><\\/i><\\/a>\\n\\t\\t\\t\\t\\t\\t\\t\\t<a href=\\\"javascript:void(0);\\\" class=\\\"ui-clone-btn\\\" data-tisp=\\\"\\u590d\\u5236\\\"><i class=\\\"icon-clone\\\"><\\/i><\\/a>\\n\\t\\t\\t\\t\\t\\t\\t\\t<a href=\\\"javascript:void(0);\\\" class=\\\"ui-del-btn\\\" data-tisp=\\\"\\u5220\\u9664\\\"><i class=\\\"icon-del\\\"><\\/i><\\/a>\\n\\t\\t\\t\\t\\t\\t\\t<\\/div>\\n\\t\\t\\t\\t\\t\\t<\\/div>\\n\\t\\t\\t\\t\\t\\t<div class=\\\"ui-drag-area\\\">\\n\\t\\t\\t\\t\\t\\t\\t<div class=\\\"cq-title T_edit T_plugins\\\" data-tid=\\\"946\\\" type-id=\\\"2\\\"><span>\\u4f60\\u8ba8\\u538c\\u4ec0\\u4e48<br><\\/span><\\/div><\\/div>\\n\\t\\t\\t\\t\\t\\t<div class=\\\"cq-items-content\\\">\\n\\t\\t\\t\\t\\t\\t\\t<ul class=\\\"cq-unset-list\\\" data-checktype=\\\"2\\\" data-namestr=\\\"q2_2\\\">\\n\\t\\t\\t\\t\\t\\t\\t\\t\\n\\t\\t\\t\\t\\t\\t\\t\\t<li><label class=\\\"input-check\\\"><input type=\\\"checkbox\\\" name=\\\"q2_2\\\" value=\\\"\\u7761\\u89c9<br>\\\"><\\/label>\\n\\t\\t\\t\\t\\t\\t\\t\\t\\t<div class=\\\"cq-answer-content T_edit T_plugins\\\" data-tid=\\\"200\\\">\\u7761\\u89c9<br><\\/div>\\n\\t\\t\\t\\t\\t\\t\\t\\t<\\/li>\\n\\t\\t\\t\\t\\t\\t\\t\\t\\n\\t\\t\\t\\t\\t\\t\\t\\t<li><label class=\\\"input-check\\\"><input type=\\\"checkbox\\\" name=\\\"q2_2\\\" value=\\\"\\u559d\\u9152<br>\\\"><\\/label>\\n\\t\\t\\t\\t\\t\\t\\t\\t\\t<div class=\\\"cq-answer-content T_edit T_plugins\\\" data-tid=\\\"970\\\">\\u559d\\u9152<br><\\/div>\\n\\t\\t\\t\\t\\t\\t\\t\\t<\\/li>\\n\\t\\t\\t\\t\\t\\t\\t\\t\\n\\t\\t\\t\\t\\t\\t\\t<\\/ul>\\n\\t\\t\\t\\t\\t\\t\\t<div class=\\\"cq-items-ctrl\\\">\\n\\t\\t\\t\\t\\t\\t\\t\\t<a href=\\\"javascript:void(0);\\\" class=\\\"ui-add-item-btn\\\" data-tisp=\\\"\\u6dfb\\u52a0\\\"><i class=\\\"icon-add\\\"><\\/i><\\/a>\\n\\t\\t\\t\\t\\t\\t\\t\\t<a href=\\\"javascript:void(0);\\\" class=\\\"ui-batch-item-btn\\\" data-tisp=\\\"\\u6279\\u91cf\\u6dfb\\u52a0\\\"><i class=\\\"icon-addList\\\"><\\/i><\\/a>\\n\\t\\t\\t\\t\\t\\t\\t\\t<a href=\\\"javascript:void(0);\\\" class=\\\"ui-add-answer-btn\\\" data-tisp=\\\"\\u6dfb\\u52a0\\u7b54\\u6848\\u89e3\\u6790\\\"><i class=\\\"icon-assignment\\\"><\\/i><\\/a>\\n\\t\\t\\t\\t\\t\\t\\t<\\/div>\\n\\t\\t\\t\\t\\t\\t<\\/div>\\n\\t\\t\\t\\t\\t<\\/div>\\n\\t\\t\\t\\t<\\/li><\\/ul>\\n\\t\\t\\t\\t\\t\\t\\t\\t<ul class=\\\"ui-foot-all-list\\\"><\\/ul>\\n\\t\\t\\t\\t\\t\\t\\t<\\/div>\"}', '247');
INSERT INTO `tp_showhtml` VALUES ('172', '{\"html2\":\"<div class=\\\"create-questions\\\">\\n\\t\\t\\t\\t\\t\\t\\t\\t<div class=\\\"questions-head-title\\\"><h4 class=\\\"h4-bg T_edit T-center\\\" data-tid=\\\"10001\\\" id=\\\"questionTitle\\\"><span style=\\\"font-size:18px;\\\">\\u95ee\\u5377\\u6807\\u9898<\\/span><\\/h4><\\/div>\\n\\t\\t\\t\\t\\t\\t\\t\\t<table class=\\\"questions-items-title\\\">\\n\\t\\t\\t\\t\\t\\t\\t\\t\\t<tbody>\\n\\t\\t\\t\\t\\t\\t\\t\\t\\t<tr>\\n\\t\\t\\t\\t\\t\\t\\t\\t\\t\\t<td class=\\\"module-menu\\\"><\\/td>\\n\\t\\t\\t\\t\\t\\t\\t\\t\\t\\t<td><div class=\\\"cq-title T_edit\\\" data-tid=\\\"10002\\\" id=\\\"questionExamTitle\\\"><span style=\\\"font-size:16px;\\\">\\u95ee\\u5377\\u6807\\u9898<\\/span><\\/div>\\n\\t\\t\\t\\t\\t\\t\\t\\t\\t\\t<\\/td>\\n\\t\\t\\t\\t\\t\\t\\t\\t\\t<\\/tr>\\n\\t\\t\\t\\t\\t\\t\\t\\t\\t<\\/tbody>\\n\\t\\t\\t\\t\\t\\t\\t\\t<\\/table>\\n\\t\\t\\t\\t\\t\\t\\t\\t<ul class=\\\"ui-questions-content-list ui-sortable\\\"><li class=\\\"ui-module items-questions\\\">\\n\\t\\t\\t\\t\\t<div class=\\\"theme-type\\\">\\n\\t\\t\\t\\t\\t\\t<div class=\\\"module-menu\\\">\\n\\t\\t\\t\\t\\t\\t\\t<h4>Q1<\\/h4>\\n\\t\\t\\t\\t\\t\\t\\t<div class=\\\"module-ctrl\\\">\\n\\t\\t\\t\\t\\t\\t\\t\\t<a href=\\\"javascript:void(0);\\\" class=\\\"ui-up-btn\\\" data-tisp=\\\"\\u4e0a\\u79fb\\\"><i class=\\\"icon-up\\\"><\\/i><\\/a>\\n\\t\\t\\t\\t\\t\\t\\t\\t<a href=\\\"javascript:void(0);\\\" class=\\\"ui-down-btn\\\" data-tisp=\\\"\\u4e0b\\u79fb\\\"><i class=\\\"icon-down\\\"><\\/i><\\/a>\\n\\t\\t\\t\\t\\t\\t\\t\\t<a href=\\\"javascript:void(0);\\\" class=\\\"ui-clone-btn\\\" data-tisp=\\\"\\u590d\\u5236\\\"><i class=\\\"icon-clone\\\"><\\/i><\\/a>\\n\\t\\t\\t\\t\\t\\t\\t\\t<a href=\\\"javascript:void(0);\\\" class=\\\"ui-del-btn\\\" data-tisp=\\\"\\u5220\\u9664\\\"><i class=\\\"icon-del\\\"><\\/i><\\/a>\\n\\t\\t\\t\\t\\t\\t\\t<\\/div>\\n\\t\\t\\t\\t\\t\\t<\\/div>\\n\\t\\t\\t\\t\\t\\t<div class=\\\"ui-drag-area\\\">\\n\\t\\t\\t\\t\\t\\t\\t<div class=\\\"cq-title T_edit T_plugins\\\" data-tid=\\\"119\\\" type-id=\\\"3\\\" style=\\\"font-size:16px;\\\"><span>\\u624b\\u52a8\\u9600\\u624b\\u52a8\\u9600<br><\\/span><\\/div>\\n\\t\\t\\t\\t\\t\\t<\\/div>\\n\\t\\t\\t\\t\\t\\t<div class=\\\"cq-items-content\\\">\\n\\t\\t\\t\\t\\t\\t\\t<div class=\\\"describe-edit-content T_edit T_plugins\\\" data-tid=\\\"308\\\"><span style=\\\"line-height: 1.6;12px;\\\">\\u8fd9\\u91cc\\u662f\\u586b\\u7a7a\\u9898\\u76ee\\u6807\\u9898<\\/span><\\/div>\\n\\t\\t\\t\\t\\t\\t<\\/div>\\n\\t\\t\\t\\t\\t<\\/div>\\n\\t\\t\\t\\t<\\/li><li class=\\\"ui-module items-questions\\\" style=\\\"opacity: 1;\\\">\\n\\t\\t\\t\\t\\t<div class=\\\"theme-type\\\">\\n\\t\\t\\t\\t\\t\\t<div class=\\\"module-menu\\\">\\n\\t\\t\\t\\t\\t\\t\\t<h4>Q2<\\/h4>\\n\\t\\t\\t\\t\\t\\t\\t<div class=\\\"module-ctrl\\\">\\n\\t\\t\\t\\t\\t\\t\\t\\t<a href=\\\"javascript:void(0);\\\" class=\\\"ui-up-btn\\\" data-tisp=\\\"\\u4e0a\\u79fb\\\"><i class=\\\"icon-up\\\"><\\/i><\\/a>\\n\\t\\t\\t\\t\\t\\t\\t\\t<a href=\\\"javascript:void(0);\\\" class=\\\"ui-down-btn\\\" data-tisp=\\\"\\u4e0b\\u79fb\\\"><i class=\\\"icon-down\\\"><\\/i><\\/a>\\n\\t\\t\\t\\t\\t\\t\\t\\t<a href=\\\"javascript:void(0);\\\" class=\\\"ui-clone-btn\\\" data-tisp=\\\"\\u590d\\u5236\\\"><i class=\\\"icon-clone\\\"><\\/i><\\/a>\\n\\t\\t\\t\\t\\t\\t\\t\\t<a href=\\\"javascript:void(0);\\\" class=\\\"ui-del-btn\\\" data-tisp=\\\"\\u5220\\u9664\\\"><i class=\\\"icon-del\\\"><\\/i><\\/a>\\n\\t\\t\\t\\t\\t\\t\\t<\\/div>\\n\\t\\t\\t\\t\\t\\t<\\/div>\\n\\t\\t\\t\\t\\t\\t<div class=\\\"ui-drag-area\\\">\\n\\t\\t\\t\\t\\t\\t\\t<div class=\\\"cq-title T_edit T_plugins\\\" data-tid=\\\"458\\\" type-id=\\\"3\\\" style=\\\"font-size:16px;\\\"><span>\\u57ce\\u5e02\\u6c34\\u6c34\\u9876\\u9876\\u9876<br><\\/span><\\/div>\\n\\t\\t\\t\\t\\t\\t<\\/div>\\n\\t\\t\\t\\t\\t\\t<div class=\\\"cq-items-content\\\">\\n\\t\\t\\t\\t\\t\\t\\t<div class=\\\"describe-edit-content T_edit T_plugins\\\" data-tid=\\\"266\\\"><span style=\\\"line-height: 1.6;12px;\\\">\\u8fd9\\u91cc\\u662f\\u586b\\u7a7a\\u9898\\u76ee\\u6807\\u9898<\\/span><\\/div>\\n\\t\\t\\t\\t\\t\\t<\\/div>\\n\\t\\t\\t\\t\\t<\\/div>\\n\\t\\t\\t\\t<\\/li><\\/ul>\\n\\t\\t\\t\\t\\t\\t\\t\\t<ul class=\\\"ui-foot-all-list\\\"><\\/ul>\\n\\t\\t\\t\\t\\t\\t\\t<\\/div>\"}', '248');
INSERT INTO `tp_showhtml` VALUES ('173', '{\"html2\":\"<div class=\\\"create-questions\\\">\\n\\t\\t\\t\\t\\t\\t\\t\\t<div class=\\\"questions-head-title\\\"><h4 class=\\\"h4-bg T_edit T-center\\\" data-tid=\\\"10001\\\" id=\\\"questionTitle\\\"><span style=\\\"font-size:18px;\\\">\\u5988\\u5988\\u54aa\\u554a<br><\\/span><\\/h4><\\/div>\\n\\t\\t\\t\\t\\t\\t\\t\\t<table class=\\\"questions-items-title\\\">\\n\\t\\t\\t\\t\\t\\t\\t\\t\\t<tbody>\\n\\t\\t\\t\\t\\t\\t\\t\\t\\t<tr>\\n\\t\\t\\t\\t\\t\\t\\t\\t\\t\\t<td class=\\\"module-menu\\\"><\\/td>\\n\\t\\t\\t\\t\\t\\t\\t\\t\\t\\t<td><div class=\\\"cq-title T_edit\\\" data-tid=\\\"10002\\\" id=\\\"questionExamTitle\\\"><span style=\\\"font-size:16px;\\\">\\u95ee\\u5377\\u6807\\u9898<\\/span><\\/div>\\n\\t\\t\\t\\t\\t\\t\\t\\t\\t\\t<\\/td>\\n\\t\\t\\t\\t\\t\\t\\t\\t\\t<\\/tr>\\n\\t\\t\\t\\t\\t\\t\\t\\t\\t<\\/tbody>\\n\\t\\t\\t\\t\\t\\t\\t\\t<\\/table>\\n\\t\\t\\t\\t\\t\\t\\t\\t<ul class=\\\"ui-questions-content-list ui-sortable\\\"><li class=\\\"ui-module items-questions\\\">\\n\\t\\t\\t\\t\\t<div class=\\\"theme-type\\\">\\n\\t\\t\\t\\t\\t\\t<div class=\\\"module-menu\\\">\\n\\t\\t\\t\\t\\t\\t\\t<h4>Q1<\\/h4>\\n\\t\\t\\t\\t\\t\\t\\t<div class=\\\"module-ctrl\\\">\\n\\t\\t\\t\\t\\t\\t\\t\\t<a href=\\\"javascript:void(0);\\\" class=\\\"ui-up-btn\\\" data-tisp=\\\"\\u4e0a\\u79fb\\\"><i class=\\\"icon-up\\\"><\\/i><\\/a>\\n\\t\\t\\t\\t\\t\\t\\t\\t<a href=\\\"javascript:void(0);\\\" class=\\\"ui-down-btn\\\" data-tisp=\\\"\\u4e0b\\u79fb\\\"><i class=\\\"icon-down\\\"><\\/i><\\/a>\\n\\t\\t\\t\\t\\t\\t\\t\\t<a href=\\\"javascript:void(0);\\\" class=\\\"ui-clone-btn\\\" data-tisp=\\\"\\u590d\\u5236\\\"><i class=\\\"icon-clone\\\"><\\/i><\\/a>\\n\\t\\t\\t\\t\\t\\t\\t\\t<a href=\\\"javascript:void(0);\\\" class=\\\"ui-del-btn\\\" data-tisp=\\\"\\u5220\\u9664\\\"><i class=\\\"icon-del\\\"><\\/i><\\/a>\\n\\t\\t\\t\\t\\t\\t\\t<\\/div>\\n\\t\\t\\t\\t\\t\\t<\\/div>\\n\\t\\t\\t\\t\\t\\t<div class=\\\"ui-drag-area ui-sortable-handle\\\">\\n\\t\\t\\t\\t\\t\\t\\t<div class=\\\"cq-title T_edit T_plugins\\\" data-tid=\\\"778\\\" type-id=\\\"2\\\"><span>\\u591a\\u9009\\u9898\\u76ee\\u6807\\u9898<\\/span><\\/div><\\/div>\\n\\t\\t\\t\\t\\t\\t<div class=\\\"cq-items-content\\\">\\n\\t\\t\\t\\t\\t\\t\\t<ul class=\\\"cq-unset-list\\\" data-checktype=\\\"2\\\" data-namestr=\\\"q2_2\\\">\\n\\t\\t\\t\\t\\t\\t\\t\\t\\n\\t\\t\\t\\t\\t\\t\\t\\t<li><label class=\\\"input-check\\\"><input type=\\\"checkbox\\\" name=\\\"q2_2\\\" value=\\\"\\u6492\\u5730\\u65b9\\u6492\\u65e6\\u53d1\\u987a\\u4e30<br>\\\"><\\/label>\\n\\t\\t\\t\\t\\t\\t\\t\\t\\t<div class=\\\"cq-answer-content T_edit T_plugins\\\" data-tid=\\\"428\\\">\\u6492\\u5730\\u65b9\\u6492\\u65e6\\u53d1\\u987a\\u4e30<br><\\/div>\\n\\t\\t\\t\\t\\t\\t\\t\\t<\\/li>\\n\\t\\t\\t\\t\\t\\t\\t\\t\\n\\t\\t\\t\\t\\t\\t\\t\\t<li><label class=\\\"input-check\\\"><input type=\\\"checkbox\\\" name=\\\"q2_2\\\" value=\\\"\\u60fa\\u60fa\\u60dc\\u60fa\\u60fa<br>\\\"><\\/label>\\n\\t\\t\\t\\t\\t\\t\\t\\t\\t<div class=\\\"cq-answer-content T_edit T_plugins\\\" data-tid=\\\"211\\\">\\u60fa\\u60fa\\u60dc\\u60fa\\u60fa<br><\\/div>\\n\\t\\t\\t\\t\\t\\t\\t\\t<\\/li>\\n\\t\\t\\t\\t\\t\\t\\t\\t\\n\\t\\t\\t\\t\\t\\t\\t\\n\\t\\t\\t\\t<li><label class=\\\"input-check\\\"><input type=\\\"checkbox\\\" name=\\\"q2_2\\\" value=\\\"0\\\"><\\/label>\\n\\t\\t\\t\\t\\t<div class=\\\"cq-answer-content T_edit T_plugins\\\" data-tid=\\\"694\\\">\\u9009\\u98793<\\/div>\\n\\t\\t\\t\\t<\\/li>\\n\\t\\t\\t\\t<\\/ul>\\n\\t\\t\\t\\t\\t\\t\\t<div class=\\\"cq-items-ctrl\\\">\\n\\t\\t\\t\\t\\t\\t\\t\\t<a href=\\\"javascript:void(0);\\\" class=\\\"ui-add-item-btn\\\" data-tisp=\\\"\\u6dfb\\u52a0\\\"><i class=\\\"icon-add\\\"><\\/i><\\/a>\\n\\t\\t\\t\\t\\t\\t\\t\\t<a href=\\\"javascript:void(0);\\\" class=\\\"ui-batch-item-btn\\\" data-tisp=\\\"\\u6279\\u91cf\\u6dfb\\u52a0\\\"><i class=\\\"icon-addList\\\"><\\/i><\\/a>\\n\\t\\t\\t\\t\\t\\t\\t\\t<a href=\\\"javascript:void(0);\\\" class=\\\"ui-add-answer-btn\\\" data-tisp=\\\"\\u6dfb\\u52a0\\u7b54\\u6848\\u89e3\\u6790\\\"><i class=\\\"icon-assignment\\\"><\\/i><\\/a>\\n\\t\\t\\t\\t\\t\\t\\t<\\/div>\\n\\t\\t\\t\\t\\t\\t<\\/div>\\n\\t\\t\\t\\t\\t<\\/div>\\n\\t\\t\\t\\t<\\/li><li class=\\\"ui-module items-questions\\\" style=\\\"opacity: 1;\\\">\\n\\t\\t\\t\\t\\t<div class=\\\"theme-type\\\">\\n\\t\\t\\t\\t\\t\\t<div class=\\\"module-menu\\\">\\n\\t\\t\\t\\t\\t\\t\\t<h4>Q2<\\/h4>\\n\\t\\t\\t\\t\\t\\t\\t<div class=\\\"module-ctrl\\\">\\n\\t\\t\\t\\t\\t\\t\\t\\t<a href=\\\"javascript:void(0);\\\" class=\\\"ui-up-btn\\\" data-tisp=\\\"\\u4e0a\\u79fb\\\"><i class=\\\"icon-up\\\"><\\/i><\\/a>\\n\\t\\t\\t\\t\\t\\t\\t\\t<a href=\\\"javascript:void(0);\\\" class=\\\"ui-down-btn\\\" data-tisp=\\\"\\u4e0b\\u79fb\\\"><i class=\\\"icon-down\\\"><\\/i><\\/a>\\n\\t\\t\\t\\t\\t\\t\\t\\t<a href=\\\"javascript:void(0);\\\" class=\\\"ui-clone-btn\\\" data-tisp=\\\"\\u590d\\u5236\\\"><i class=\\\"icon-clone\\\"><\\/i><\\/a>\\n\\t\\t\\t\\t\\t\\t\\t\\t<a href=\\\"javascript:void(0);\\\" class=\\\"ui-del-btn\\\" data-tisp=\\\"\\u5220\\u9664\\\"><i class=\\\"icon-del\\\"><\\/i><\\/a>\\n\\t\\t\\t\\t\\t\\t\\t<\\/div>\\n\\t\\t\\t\\t\\t\\t<\\/div>\\n\\t\\t\\t\\t\\t\\t<div class=\\\"ui-drag-area ui-sortable-handle\\\">\\n\\t\\t\\t\\t\\t\\t\\t<div class=\\\"cq-title T_edit T_plugins\\\" data-tid=\\\"592\\\" type-id=\\\"1\\\"><span>\\u7b2c\\u4e00\\u9053\\u5355\\u9009\\u9898<br><\\/span><\\/div><\\/div>\\n\\t\\t\\t\\t\\t\\t<div class=\\\"cq-items-content\\\">\\n\\t\\t\\t\\t\\t\\t\\t<ul class=\\\"cq-unset-list\\\" data-checktype=\\\"1\\\" data-namestr=\\\"q1_1\\\">\\n\\t\\t\\t\\t\\t\\t\\t\\t\\n\\t\\t\\t\\t\\t\\t\\t\\t<li><label class=\\\"input-check\\\"><input type=\\\"radio\\\" name=\\\"q1_1\\\" value=\\\"<span>\\u7b2c\\u4e00\\u9053\\u5355\\u9009\\u9898<br><\\/span>\\\"><\\/label>\\n\\t\\t\\t\\t\\t\\t\\t\\t\\t<div class=\\\"cq-answer-content T_edit T_plugins\\\" data-tid=\\\"674\\\">\\u9009\\u98791<\\/div>\\n\\t\\t\\t\\t\\t\\t\\t\\t<\\/li>\\n\\t\\t\\t\\t\\t\\t\\t\\t\\n\\t\\t\\t\\t\\t\\t\\t\\t<li><label class=\\\"input-check\\\"><input type=\\\"radio\\\" name=\\\"q1_1\\\" value=\\\"<span>\\u7b2c\\u4e00\\u9053\\u5355\\u9009\\u9898<br><\\/span>\\\"><\\/label>\\n\\t\\t\\t\\t\\t\\t\\t\\t\\t<div class=\\\"cq-answer-content T_edit T_plugins\\\" data-tid=\\\"322\\\">\\u9009\\u98792<\\/div>\\n\\t\\t\\t\\t\\t\\t\\t\\t<\\/li>\\n\\t\\t\\t\\t\\t\\t\\t\\t\\n\\t\\t\\t\\t\\t\\t\\t\\n\\t\\t\\t\\t<li><label class=\\\"input-check\\\"><input type=\\\"radio\\\" name=\\\"q1_1\\\" value=\\\"<span>\\u7b2c\\u4e00\\u9053\\u5355\\u9009\\u9898<br><\\/span>\\\"><\\/label>\\n\\t\\t\\t\\t\\t<div class=\\\"cq-answer-content T_edit T_plugins\\\" data-tid=\\\"695\\\">\\u9009\\u98793<\\/div>\\n\\t\\t\\t\\t<\\/li>\\n\\t\\t\\t\\t<\\/ul>\\n\\t\\t\\t\\t\\t\\t\\t<div class=\\\"cq-items-ctrl\\\">\\n\\t\\t\\t\\t\\t\\t\\t\\t<a href=\\\"javascript:void(0);\\\" class=\\\"ui-add-item-btn\\\" data-tisp=\\\"\\u6dfb\\u52a0\\\"><i class=\\\"icon-add\\\"><\\/i><\\/a>\\n\\t\\t\\t\\t\\t\\t\\t\\t<a href=\\\"javascript:void(0);\\\" class=\\\"ui-batch-item-btn\\\" data-tisp=\\\"\\u6279\\u91cf\\u6dfb\\u52a0\\\"><i class=\\\"icon-addList\\\"><\\/i><\\/a>\\n\\t\\t\\t\\t\\t\\t\\t\\t<a href=\\\"javascript:void(0);\\\" class=\\\"ui-add-answer-btn\\\" data-tisp=\\\"\\u6dfb\\u52a0\\u7b54\\u6848\\u89e3\\u6790\\\"><i class=\\\"icon-assignment\\\"><\\/i><\\/a>\\n\\t\\t\\t\\t\\t\\t\\t<\\/div>\\n\\t\\t\\t\\t\\t\\t<\\/div>\\n\\t\\t\\t\\t\\t<\\/div>\\n\\t\\t\\t\\t<\\/li><li class=\\\"ui-module items-questions\\\">\\n\\t\\t\\t\\t\\t<div class=\\\"theme-type\\\">\\n\\t\\t\\t\\t\\t\\t<div class=\\\"module-menu\\\">\\n\\t\\t\\t\\t\\t\\t\\t<h4>Q3<\\/h4>\\n\\t\\t\\t\\t\\t\\t\\t<div class=\\\"module-ctrl\\\">\\n\\t\\t\\t\\t\\t\\t\\t\\t<a href=\\\"javascript:void(0);\\\" class=\\\"ui-up-btn\\\" data-tisp=\\\"\\u4e0a\\u79fb\\\"><i class=\\\"icon-up\\\"><\\/i><\\/a>\\n\\t\\t\\t\\t\\t\\t\\t\\t<a href=\\\"javascript:void(0);\\\" class=\\\"ui-down-btn\\\" data-tisp=\\\"\\u4e0b\\u79fb\\\"><i class=\\\"icon-down\\\"><\\/i><\\/a>\\n\\t\\t\\t\\t\\t\\t\\t\\t<a href=\\\"javascript:void(0);\\\" class=\\\"ui-clone-btn\\\" data-tisp=\\\"\\u590d\\u5236\\\"><i class=\\\"icon-clone\\\"><\\/i><\\/a>\\n\\t\\t\\t\\t\\t\\t\\t\\t<a href=\\\"javascript:void(0);\\\" class=\\\"ui-del-btn\\\" data-tisp=\\\"\\u5220\\u9664\\\"><i class=\\\"icon-del\\\"><\\/i><\\/a>\\n\\t\\t\\t\\t\\t\\t\\t<\\/div>\\n\\t\\t\\t\\t\\t\\t<\\/div>\\n\\t\\t\\t\\t\\t\\t<div class=\\\"ui-drag-area\\\">\\n\\t\\t\\t\\t\\t\\t\\t<div class=\\\"cq-title T_edit T_plugins\\\" data-tid=\\\"782\\\" type-id=\\\"3\\\" style=\\\"font-size:16px;\\\"><span>\\u4f60\\u54c8\\u54c8\\u54c8\\u54c8\\u54c8\\u54c8\\u54c8\\u54c8<br><\\/span><\\/div>\\n\\t\\t\\t\\t\\t\\t<\\/div>\\n\\t\\t\\t\\t\\t\\t<div class=\\\"cq-items-content\\\">\\n\\t\\t\\t\\t\\t\\t\\t<div class=\\\"describe-edit-content T_edit T_plugins\\\" data-tid=\\\"546\\\"><span style=\\\"line-height: 1.6;12px;\\\">\\u8fd9\\u91cc\\u662f\\u586b\\u7a7a\\u9898\\u76ee\\u6807\\u9898<\\/span><\\/div>\\n\\t\\t\\t\\t\\t\\t<\\/div>\\n\\t\\t\\t\\t\\t<\\/div>\\n\\t\\t\\t\\t<\\/li><li class=\\\"ui-module items-questions\\\">\\n\\t\\t\\t\\t\\t<div class=\\\"theme-type\\\">\\n\\t\\t\\t\\t\\t\\t<div class=\\\"module-menu\\\">\\n\\t\\t\\t\\t\\t\\t\\t<h4>Q4<\\/h4>\\n\\t\\t\\t\\t\\t\\t\\t<div class=\\\"module-ctrl\\\">\\n\\t\\t\\t\\t\\t\\t\\t\\t<a href=\\\"javascript:void(0);\\\" class=\\\"ui-up-btn\\\" data-tisp=\\\"\\u4e0a\\u79fb\\\"><i class=\\\"icon-up\\\"><\\/i><\\/a>\\n\\t\\t\\t\\t\\t\\t\\t\\t<a href=\\\"javascript:void(0);\\\" class=\\\"ui-down-btn\\\" data-tisp=\\\"\\u4e0b\\u79fb\\\"><i class=\\\"icon-down\\\"><\\/i><\\/a>\\n\\t\\t\\t\\t\\t\\t\\t\\t<a href=\\\"javascript:void(0);\\\" class=\\\"ui-clone-btn\\\" data-tisp=\\\"\\u590d\\u5236\\\"><i class=\\\"icon-clone\\\"><\\/i><\\/a>\\n\\t\\t\\t\\t\\t\\t\\t\\t<a href=\\\"javascript:void(0);\\\" class=\\\"ui-del-btn\\\" data-tisp=\\\"\\u5220\\u9664\\\"><i class=\\\"icon-del\\\"><\\/i><\\/a>\\n\\t\\t\\t\\t\\t\\t\\t<\\/div>\\n\\t\\t\\t\\t\\t\\t<\\/div>\\n\\t\\t\\t\\t\\t\\t<div class=\\\"ui-drag-area\\\">\\n\\t\\t\\t\\t\\t\\t\\t<div class=\\\"cq-title T_edit T_plugins\\\" data-tid=\\\"12\\\" type-id=\\\"3\\\" style=\\\"font-size:16px;\\\"><span>\\u59ae\\u59ae\\u54c8\\u54c8\\u54c8\\u54c8\\u54c8\\u54c8\\u54c8<br><\\/span><\\/div>\\n\\t\\t\\t\\t\\t\\t<\\/div>\\n\\t\\t\\t\\t\\t\\t<div class=\\\"cq-items-content\\\">\\n\\t\\t\\t\\t\\t\\t\\t<div class=\\\"describe-edit-content T_edit T_plugins\\\" data-tid=\\\"581\\\"><span style=\\\"line-height: 1.6;12px;\\\">\\u8fd9\\u91cc\\u662f\\u586b\\u7a7a\\u9898\\u76ee\\u6807\\u9898<\\/span><\\/div>\\n\\t\\t\\t\\t\\t\\t<\\/div>\\n\\t\\t\\t\\t\\t<\\/div>\\n\\t\\t\\t\\t<\\/li><\\/ul>\\n\\t\\t\\t\\t\\t\\t\\t\\t<ul class=\\\"ui-foot-all-list\\\"><\\/ul>\\n\\t\\t\\t\\t\\t\\t\\t<\\/div>\"}', '248');
INSERT INTO `tp_showhtml` VALUES ('176', '{\"html2\":\"<div class=\\\"create-questions\\\">\\n\\t\\t\\t\\t\\t\\t\\t\\t<div class=\\\"questions-head-title\\\"><h4 class=\\\"h4-bg T_edit T-center\\\" data-tid=\\\"10001\\\" id=\\\"questionTitle\\\"><span style=\\\"font-size:18px;\\\">\\u554a\\u5b9e\\u6253\\u5b9e\\u5927\\u82cf\\u6253<\\/span><\\/h4><\\/div>\\n\\t\\t\\t\\t\\t\\t\\t\\t<table class=\\\"questions-items-title\\\">\\n\\t\\t\\t\\t\\t\\t\\t\\t\\t<tbody>\\n\\t\\t\\t\\t\\t\\t\\t\\t\\t<tr>\\n\\t\\t\\t\\t\\t\\t\\t\\t\\t\\t<td class=\\\"module-menu\\\"><\\/td>\\n\\t\\t\\t\\t\\t\\t\\t\\t\\t\\t<td><div class=\\\"cq-title T_edit\\\" data-tid=\\\"10002\\\" id=\\\"questionExamTitle\\\"><span style=\\\"font-size:16px;\\\">\\u95ee\\u5377\\u6807\\u9898<\\/span><\\/div>\\n\\t\\t\\t\\t\\t\\t\\t\\t\\t\\t<\\/td>\\n\\t\\t\\t\\t\\t\\t\\t\\t\\t<\\/tr>\\n\\t\\t\\t\\t\\t\\t\\t\\t\\t<\\/tbody>\\n\\t\\t\\t\\t\\t\\t\\t\\t<\\/table>\\n\\t\\t\\t\\t\\t\\t\\t\\t<ul class=\\\"ui-questions-content-list ui-sortable\\\"><li class=\\\"ui-module items-questions\\\">\\n\\t\\t\\t\\t\\t<div class=\\\"theme-type\\\">\\n\\t\\t\\t\\t\\t\\t<div class=\\\"module-menu\\\">\\n\\t\\t\\t\\t\\t\\t\\t<h4>Q1<\\/h4>\\n\\t\\t\\t\\t\\t\\t\\t<div class=\\\"module-ctrl\\\">\\n\\t\\t\\t\\t\\t\\t\\t\\t<a href=\\\"javascript:void(0);\\\" class=\\\"ui-up-btn\\\" data-tisp=\\\"\\u4e0a\\u79fb\\\"><i class=\\\"icon-up\\\"><\\/i><\\/a>\\n\\t\\t\\t\\t\\t\\t\\t\\t<a href=\\\"javascript:void(0);\\\" class=\\\"ui-down-btn\\\" data-tisp=\\\"\\u4e0b\\u79fb\\\"><i class=\\\"icon-down\\\"><\\/i><\\/a>\\n\\t\\t\\t\\t\\t\\t\\t\\t<a href=\\\"javascript:void(0);\\\" class=\\\"ui-clone-btn\\\" data-tisp=\\\"\\u590d\\u5236\\\"><i class=\\\"icon-clone\\\"><\\/i><\\/a>\\n\\t\\t\\t\\t\\t\\t\\t\\t<a href=\\\"javascript:void(0);\\\" class=\\\"ui-del-btn\\\" data-tisp=\\\"\\u5220\\u9664\\\"><i class=\\\"icon-del\\\"><\\/i><\\/a>\\n\\t\\t\\t\\t\\t\\t\\t<\\/div>\\n\\t\\t\\t\\t\\t\\t<\\/div>\\n\\t\\t\\t\\t\\t\\t<div class=\\\"ui-drag-area ui-sortable-handle\\\">\\n\\t\\t\\t\\t\\t\\t\\t<div class=\\\"cq-title T_edit T_plugins\\\" data-tid=\\\"7\\\" type-id=\\\"1\\\"><span>\\u5355\\u5927\\u662f\\u5927\\u975e<\\/span><\\/div><\\/div>\\n\\t\\t\\t\\t\\t\\t<div class=\\\"cq-items-content\\\">\\n\\t\\t\\t\\t\\t\\t\\t<ul class=\\\"cq-unset-list\\\" data-checktype=\\\"1\\\" data-namestr=\\\"q1_1\\\">\\n\\t\\t\\t\\t\\t\\t\\t\\t\\n\\t\\t\\t\\t\\t\\t\\t\\t<li><label class=\\\"input-check\\\"><input type=\\\"radio\\\" name=\\\"q1_1\\\" value=\\\"\\u554a\\u554a\\u554a\\u554a\\u554a<br>\\\"><\\/label>\\n\\t\\t\\t\\t\\t\\t\\t\\t\\t<div class=\\\"cq-answer-content T_edit T_plugins\\\" data-tid=\\\"422\\\">\\u554a\\u554a\\u554a\\u554a\\u554a<br><\\/div>\\n\\t\\t\\t\\t\\t\\t\\t\\t<\\/li>\\n\\t\\t\\t\\t\\t\\t\\t\\t\\n\\t\\t\\t\\t\\t\\t\\t\\t<li><label class=\\\"input-check\\\"><input type=\\\"radio\\\" name=\\\"q1_1\\\" value=\\\"\\u5575\\u5575\\u5575\\u5b9d\\u5b9d<br>\\\"><\\/label>\\n\\t\\t\\t\\t\\t\\t\\t\\t\\t<div class=\\\"cq-answer-content T_edit T_plugins\\\" data-tid=\\\"451\\\">\\u5575\\u5575\\u5575\\u5b9d\\u5b9d<br><\\/div>\\n\\t\\t\\t\\t\\t\\t\\t\\t<\\/li>\\n\\t\\t\\t\\t\\t\\t\\t\\t\\n\\t\\t\\t\\t\\t\\t\\t<\\/ul>\\n\\t\\t\\t\\t\\t\\t\\t<div class=\\\"cq-items-ctrl\\\">\\n\\t\\t\\t\\t\\t\\t\\t\\t<a href=\\\"javascript:void(0);\\\" class=\\\"ui-add-item-btn\\\" data-tisp=\\\"\\u6dfb\\u52a0\\\"><i class=\\\"icon-add\\\"><\\/i><\\/a>\\n\\t\\t\\t\\t\\t\\t\\t\\t<a href=\\\"javascript:void(0);\\\" class=\\\"ui-batch-item-btn\\\" data-tisp=\\\"\\u6279\\u91cf\\u6dfb\\u52a0\\\"><i class=\\\"icon-addList\\\"><\\/i><\\/a>\\n\\t\\t\\t\\t\\t\\t\\t\\t<a href=\\\"javascript:void(0);\\\" class=\\\"ui-add-answer-btn\\\" data-tisp=\\\"\\u6dfb\\u52a0\\u7b54\\u6848\\u89e3\\u6790\\\"><i class=\\\"icon-assignment\\\"><\\/i><\\/a>\\n\\t\\t\\t\\t\\t\\t\\t<\\/div>\\n\\t\\t\\t\\t\\t\\t<\\/div>\\n\\t\\t\\t\\t\\t<\\/div>\\n\\t\\t\\t\\t<\\/li><li class=\\\"ui-module items-questions\\\">\\n\\t\\t\\t\\t\\t<div class=\\\"theme-type\\\">\\n\\t\\t\\t\\t\\t\\t<div class=\\\"module-menu\\\">\\n\\t\\t\\t\\t\\t\\t\\t<h4>Q2<\\/h4>\\n\\t\\t\\t\\t\\t\\t\\t<div class=\\\"module-ctrl\\\">\\n\\t\\t\\t\\t\\t\\t\\t\\t<a href=\\\"javascript:void(0);\\\" class=\\\"ui-up-btn\\\" data-tisp=\\\"\\u4e0a\\u79fb\\\"><i class=\\\"icon-up\\\"><\\/i><\\/a>\\n\\t\\t\\t\\t\\t\\t\\t\\t<a href=\\\"javascript:void(0);\\\" class=\\\"ui-down-btn\\\" data-tisp=\\\"\\u4e0b\\u79fb\\\"><i class=\\\"icon-down\\\"><\\/i><\\/a>\\n\\t\\t\\t\\t\\t\\t\\t\\t<a href=\\\"javascript:void(0);\\\" class=\\\"ui-clone-btn\\\" data-tisp=\\\"\\u590d\\u5236\\\"><i class=\\\"icon-clone\\\"><\\/i><\\/a>\\n\\t\\t\\t\\t\\t\\t\\t\\t<a href=\\\"javascript:void(0);\\\" class=\\\"ui-del-btn\\\" data-tisp=\\\"\\u5220\\u9664\\\"><i class=\\\"icon-del\\\"><\\/i><\\/a>\\n\\t\\t\\t\\t\\t\\t\\t<\\/div>\\n\\t\\t\\t\\t\\t\\t<\\/div>\\n\\t\\t\\t\\t\\t\\t<div class=\\\"ui-drag-area ui-sortable-handle\\\">\\n\\t\\t\\t\\t\\t\\t\\t<div class=\\\"cq-title T_edit T_plugins\\\" data-tid=\\\"349\\\" type-id=\\\"2\\\"><span>\\u591a\\u9009\\u9898\\u76ee\\u6807\\u9898<\\/span><\\/div><\\/div>\\n\\t\\t\\t\\t\\t\\t<div class=\\\"cq-items-content\\\">\\n\\t\\t\\t\\t\\t\\t\\t<ul class=\\\"cq-unset-list\\\" data-checktype=\\\"2\\\" data-namestr=\\\"q2_2\\\">\\n\\t\\t\\t\\t\\t\\t\\t\\t\\n\\t\\t\\t\\t\\t\\t\\t\\t<li><label class=\\\"input-check\\\"><input type=\\\"checkbox\\\" name=\\\"q2_2\\\" value=\\\"\\u8e29\\u8e29\\u8e29\\u8e29\\u8e29\\u8e29<br>\\\"><\\/label>\\n\\t\\t\\t\\t\\t\\t\\t\\t\\t<div class=\\\"cq-answer-content T_edit T_plugins\\\" data-tid=\\\"21\\\">\\u8e29\\u8e29\\u8e29\\u8e29\\u8e29\\u8e29<br><\\/div>\\n\\t\\t\\t\\t\\t\\t\\t\\t<\\/li>\\n\\t\\t\\t\\t\\t\\t\\t\\t\\n\\t\\t\\t\\t\\t\\t\\t\\t<li><label class=\\\"input-check\\\"><input type=\\\"checkbox\\\" name=\\\"q2_2\\\" value=\\\"\\u9876\\u9876\\u9876\\u9876\\u9876<br>\\\"><\\/label>\\n\\t\\t\\t\\t\\t\\t\\t\\t\\t<div class=\\\"cq-answer-content T_edit T_plugins\\\" data-tid=\\\"762\\\">\\u9876\\u9876\\u9876\\u9876\\u9876<br><\\/div>\\n\\t\\t\\t\\t\\t\\t\\t\\t<\\/li>\\n\\t\\t\\t\\t\\t\\t\\t\\t\\n\\t\\t\\t\\t\\t\\t\\t<\\/ul>\\n\\t\\t\\t\\t\\t\\t\\t<div class=\\\"cq-items-ctrl\\\">\\n\\t\\t\\t\\t\\t\\t\\t\\t<a href=\\\"javascript:void(0);\\\" class=\\\"ui-add-item-btn\\\" data-tisp=\\\"\\u6dfb\\u52a0\\\"><i class=\\\"icon-add\\\"><\\/i><\\/a>\\n\\t\\t\\t\\t\\t\\t\\t\\t<a href=\\\"javascript:void(0);\\\" class=\\\"ui-batch-item-btn\\\" data-tisp=\\\"\\u6279\\u91cf\\u6dfb\\u52a0\\\"><i class=\\\"icon-addList\\\"><\\/i><\\/a>\\n\\t\\t\\t\\t\\t\\t\\t\\t<a href=\\\"javascript:void(0);\\\" class=\\\"ui-add-answer-btn\\\" data-tisp=\\\"\\u6dfb\\u52a0\\u7b54\\u6848\\u89e3\\u6790\\\"><i class=\\\"icon-assignment\\\"><\\/i><\\/a>\\n\\t\\t\\t\\t\\t\\t\\t<\\/div>\\n\\t\\t\\t\\t\\t\\t<\\/div>\\n\\t\\t\\t\\t\\t<\\/div>\\n\\t\\t\\t\\t<\\/li><li class=\\\"ui-module items-questions\\\" style=\\\"width: 900px; height: 160px; opacity: 1;\\\">\\n\\t\\t\\t\\t\\t<div class=\\\"theme-type\\\">\\n\\t\\t\\t\\t\\t\\t<div class=\\\"module-menu\\\">\\n\\t\\t\\t\\t\\t\\t\\t<h4>Q3<\\/h4>\\n\\t\\t\\t\\t\\t\\t\\t<div class=\\\"module-ctrl\\\">\\n\\t\\t\\t\\t\\t\\t\\t\\t<a href=\\\"javascript:void(0);\\\" class=\\\"ui-up-btn\\\" data-tisp=\\\"\\u4e0a\\u79fb\\\"><i class=\\\"icon-up\\\"><\\/i><\\/a>\\n\\t\\t\\t\\t\\t\\t\\t\\t<a href=\\\"javascript:void(0);\\\" class=\\\"ui-down-btn\\\" data-tisp=\\\"\\u4e0b\\u79fb\\\"><i class=\\\"icon-down\\\"><\\/i><\\/a>\\n\\t\\t\\t\\t\\t\\t\\t\\t<a href=\\\"javascript:void(0);\\\" class=\\\"ui-clone-btn\\\" data-tisp=\\\"\\u590d\\u5236\\\"><i class=\\\"icon-clone\\\"><\\/i><\\/a>\\n\\t\\t\\t\\t\\t\\t\\t\\t<a href=\\\"javascript:void(0);\\\" class=\\\"ui-del-btn\\\" data-tisp=\\\"\\u5220\\u9664\\\"><i class=\\\"icon-del\\\"><\\/i><\\/a>\\n\\t\\t\\t\\t\\t\\t\\t<\\/div>\\n\\t\\t\\t\\t\\t\\t<\\/div>\\n\\t\\t\\t\\t\\t\\t<div class=\\\"ui-drag-area ui-sortable-handle\\\">\\n\\t\\t\\t\\t\\t\\t\\t<div class=\\\"cq-title T_edit T_plugins\\\" data-tid=\\\"737\\\" type-id=\\\"3\\\" style=\\\"font-size:16px;\\\"><span>\\u563b\\u563b\\u563b\\u5f62\\u5f62\\u8272\\u8272<br><\\/span><\\/div>\\n\\t\\t\\t\\t\\t\\t<\\/div>\\n\\t\\t\\t\\t\\t\\t<div class=\\\"cq-items-content\\\">\\n\\t\\t\\t\\t\\t\\t\\t<div class=\\\"describe-edit-content T_edit T_plugins\\\" data-tid=\\\"17\\\"><span style=\\\"line-height: 1.6;12px;\\\">\\u8fd9\\u91cc\\u662f\\u586b\\u7a7a\\u9898\\u76ee\\u6807\\u9898<\\/span><\\/div>\\n\\t\\t\\t\\t\\t\\t<\\/div>\\n\\t\\t\\t\\t\\t<\\/div>\\n\\t\\t\\t\\t<\\/li><li class=\\\"ui-module items-questions\\\">\\n\\t\\t\\t\\t\\t<div class=\\\"theme-type\\\">\\n\\t\\t\\t\\t\\t\\t<div class=\\\"module-menu\\\">\\n\\t\\t\\t\\t\\t\\t\\t<h4>Q4<\\/h4>\\n\\t\\t\\t\\t\\t\\t\\t<div class=\\\"module-ctrl\\\">\\n\\t\\t\\t\\t\\t\\t\\t\\t<a href=\\\"javascript:void(0);\\\" class=\\\"ui-up-btn\\\" data-tisp=\\\"\\u4e0a\\u79fb\\\"><i class=\\\"icon-up\\\"><\\/i><\\/a>\\n\\t\\t\\t\\t\\t\\t\\t\\t<a href=\\\"javascript:void(0);\\\" class=\\\"ui-down-btn\\\" data-tisp=\\\"\\u4e0b\\u79fb\\\"><i class=\\\"icon-down\\\"><\\/i><\\/a>\\n\\t\\t\\t\\t\\t\\t\\t\\t<a href=\\\"javascript:void(0);\\\" class=\\\"ui-clone-btn\\\" data-tisp=\\\"\\u590d\\u5236\\\"><i class=\\\"icon-clone\\\"><\\/i><\\/a>\\n\\t\\t\\t\\t\\t\\t\\t\\t<a href=\\\"javascript:void(0);\\\" class=\\\"ui-del-btn\\\" data-tisp=\\\"\\u5220\\u9664\\\"><i class=\\\"icon-del\\\"><\\/i><\\/a>\\n\\t\\t\\t\\t\\t\\t\\t<\\/div>\\n\\t\\t\\t\\t\\t\\t<\\/div>\\n\\t\\t\\t\\t\\t\\t<div class=\\\"ui-drag-area\\\">\\n\\t\\t\\t\\t\\t\\t\\t<div class=\\\"cq-title T_edit T_plugins\\\" data-tid=\\\"616\\\" type-id=\\\"2\\\"><span>\\u53d1\\u8fbe\\u7684\\u5730\\u65b9\\u7684<br><\\/span><\\/div><\\/div>\\n\\t\\t\\t\\t\\t\\t<div class=\\\"cq-items-content\\\">\\n\\t\\t\\t\\t\\t\\t\\t<ul class=\\\"cq-unset-list\\\" data-checktype=\\\"2\\\" data-namestr=\\\"q2_4\\\">\\n\\t\\t\\t\\t\\t\\t\\t\\t\\n\\t\\t\\t\\t\\t\\t\\t\\t<li><label class=\\\"input-check\\\"><input type=\\\"checkbox\\\" name=\\\"q2_4\\\" value=\\\"\\u5443\\u5443\\u5443\\u5443\\u5443\\u5443<br>\\\"><\\/label>\\n\\t\\t\\t\\t\\t\\t\\t\\t\\t<div class=\\\"cq-answer-content T_edit T_plugins\\\" data-tid=\\\"621\\\">\\u5443\\u5443\\u5443\\u5443\\u5443\\u5443<br><\\/div>\\n\\t\\t\\t\\t\\t\\t\\t\\t<\\/li>\\n\\t\\t\\t\\t\\t\\t\\t\\t\\n\\t\\t\\t\\t\\t\\t\\t\\t<li><label class=\\\"input-check\\\"><input type=\\\"checkbox\\\" name=\\\"q2_4\\\" value=\\\"\\u53cd\\u53cd\\u590d\\u590d\\u70e6\\u70e6\\u70e6<br>\\\"><\\/label>\\n\\t\\t\\t\\t\\t\\t\\t\\t\\t<div class=\\\"cq-answer-content T_edit T_plugins\\\" data-tid=\\\"362\\\">\\u53cd\\u53cd\\u590d\\u590d\\u70e6\\u70e6\\u70e6<br><\\/div>\\n\\t\\t\\t\\t\\t\\t\\t\\t<\\/li>\\n\\t\\t\\t\\t\\t\\t\\t\\t\\n\\t\\t\\t\\t\\t\\t\\t<\\/ul>\\n\\t\\t\\t\\t\\t\\t\\t<div class=\\\"cq-items-ctrl\\\">\\n\\t\\t\\t\\t\\t\\t\\t\\t<a href=\\\"javascript:void(0);\\\" class=\\\"ui-add-item-btn\\\" data-tisp=\\\"\\u6dfb\\u52a0\\\"><i class=\\\"icon-add\\\"><\\/i><\\/a>\\n\\t\\t\\t\\t\\t\\t\\t\\t<a href=\\\"javascript:void(0);\\\" class=\\\"ui-batch-item-btn\\\" data-tisp=\\\"\\u6279\\u91cf\\u6dfb\\u52a0\\\"><i class=\\\"icon-addList\\\"><\\/i><\\/a>\\n\\t\\t\\t\\t\\t\\t\\t\\t<a href=\\\"javascript:void(0);\\\" class=\\\"ui-add-answer-btn\\\" data-tisp=\\\"\\u6dfb\\u52a0\\u7b54\\u6848\\u89e3\\u6790\\\"><i class=\\\"icon-assignment\\\"><\\/i><\\/a>\\n\\t\\t\\t\\t\\t\\t\\t<\\/div>\\n\\t\\t\\t\\t\\t\\t<\\/div>\\n\\t\\t\\t\\t\\t<\\/div>\\n\\t\\t\\t\\t<\\/li><li class=\\\"ui-module items-questions\\\">\\n\\t\\t\\t\\t\\t<div class=\\\"theme-type\\\">\\n\\t\\t\\t\\t\\t\\t<div class=\\\"module-menu\\\">\\n\\t\\t\\t\\t\\t\\t\\t<h4>Q5<\\/h4>\\n\\t\\t\\t\\t\\t\\t\\t<div class=\\\"module-ctrl\\\">\\n\\t\\t\\t\\t\\t\\t\\t\\t<a href=\\\"javascript:void(0);\\\" class=\\\"ui-up-btn\\\" data-tisp=\\\"\\u4e0a\\u79fb\\\"><i class=\\\"icon-up\\\"><\\/i><\\/a>\\n\\t\\t\\t\\t\\t\\t\\t\\t<a href=\\\"javascript:void(0);\\\" class=\\\"ui-down-btn\\\" data-tisp=\\\"\\u4e0b\\u79fb\\\"><i class=\\\"icon-down\\\"><\\/i><\\/a>\\n\\t\\t\\t\\t\\t\\t\\t\\t<a href=\\\"javascript:void(0);\\\" class=\\\"ui-clone-btn\\\" data-tisp=\\\"\\u590d\\u5236\\\"><i class=\\\"icon-clone\\\"><\\/i><\\/a>\\n\\t\\t\\t\\t\\t\\t\\t\\t<a href=\\\"javascript:void(0);\\\" class=\\\"ui-del-btn\\\" data-tisp=\\\"\\u5220\\u9664\\\"><i class=\\\"icon-del\\\"><\\/i><\\/a>\\n\\t\\t\\t\\t\\t\\t\\t<\\/div>\\n\\t\\t\\t\\t\\t\\t<\\/div>\\n\\t\\t\\t\\t\\t\\t<div class=\\\"ui-drag-area\\\">\\n\\t\\t\\t\\t\\t\\t\\t<div class=\\\"cq-title T_edit T_plugins\\\" data-tid=\\\"545\\\" type-id=\\\"1\\\"><span>\\u5f90v\\u4ecev\\u5f97\\u5230<br><\\/span><\\/div><\\/div>\\n\\t\\t\\t\\t\\t\\t<div class=\\\"cq-items-content\\\">\\n\\t\\t\\t\\t\\t\\t\\t<ul class=\\\"cq-unset-list\\\" data-checktype=\\\"1\\\" data-namestr=\\\"q1_5\\\">\\n\\t\\t\\t\\t\\t\\t\\t\\t\\n\\t\\t\\t\\t\\t\\t\\t\\t<li><label class=\\\"input-check\\\"><input type=\\\"radio\\\" name=\\\"q1_5\\\" value=\\\"\\u560e\\u560e\\u560e\\u560e\\u560e\\u560e\\u560e<br>\\\"><\\/label>\\n\\t\\t\\t\\t\\t\\t\\t\\t\\t<div class=\\\"cq-answer-content T_edit T_plugins\\\" data-tid=\\\"813\\\">\\u560e\\u560e\\u560e\\u560e\\u560e\\u560e\\u560e<br><\\/div>\\n\\t\\t\\t\\t\\t\\t\\t\\t<\\/li>\\n\\t\\t\\t\\t\\t\\t\\t\\t\\n\\t\\t\\t\\t\\t\\t\\t\\t<li><label class=\\\"input-check\\\"><input type=\\\"radio\\\" name=\\\"q1_5\\\" value=\\\"\\u54c8\\u54c8\\u54c8\\u54c8\\u54c8\\u54c8\\u54c8<br>\\\"><\\/label>\\n\\t\\t\\t\\t\\t\\t\\t\\t\\t<div class=\\\"cq-answer-content T_edit T_plugins\\\" data-tid=\\\"517\\\">\\u54c8\\u54c8\\u54c8\\u54c8\\u54c8\\u54c8\\u54c8<br><\\/div>\\n\\t\\t\\t\\t\\t\\t\\t\\t<\\/li>\\n\\t\\t\\t\\t\\t\\t\\t\\t\\n\\t\\t\\t\\t\\t\\t\\t<\\/ul>\\n\\t\\t\\t\\t\\t\\t\\t<div class=\\\"cq-items-ctrl\\\">\\n\\t\\t\\t\\t\\t\\t\\t\\t<a href=\\\"javascript:void(0);\\\" class=\\\"ui-add-item-btn\\\" data-tisp=\\\"\\u6dfb\\u52a0\\\"><i class=\\\"icon-add\\\"><\\/i><\\/a>\\n\\t\\t\\t\\t\\t\\t\\t\\t<a href=\\\"javascript:void(0);\\\" class=\\\"ui-batch-item-btn\\\" data-tisp=\\\"\\u6279\\u91cf\\u6dfb\\u52a0\\\"><i class=\\\"icon-addList\\\"><\\/i><\\/a>\\n\\t\\t\\t\\t\\t\\t\\t\\t<a href=\\\"javascript:void(0);\\\" class=\\\"ui-add-answer-btn\\\" data-tisp=\\\"\\u6dfb\\u52a0\\u7b54\\u6848\\u89e3\\u6790\\\"><i class=\\\"icon-assignment\\\"><\\/i><\\/a>\\n\\t\\t\\t\\t\\t\\t\\t<\\/div>\\n\\t\\t\\t\\t\\t\\t<\\/div>\\n\\t\\t\\t\\t\\t<\\/div>\\n\\t\\t\\t\\t<\\/li><\\/ul>\\n\\t\\t\\t\\t\\t\\t\\t\\t<ul class=\\\"ui-foot-all-list\\\"><\\/ul>\\n\\t\\t\\t\\t\\t\\t\\t<\\/div>\"}', '253');
INSERT INTO `tp_showhtml` VALUES ('182', '{\"html2\":\"<div class=\\\"create-questions\\\">\\n\\t\\t\\t\\t\\t\\t\\t\\t<div class=\\\"questions-head-title\\\"><h4 class=\\\"h4-bg T_edit T-center\\\" data-tid=\\\"10001\\\" id=\\\"questionTitle\\\"><span style=\\\"font-size:18px;\\\">\\u95ee\\u5377\\u6807\\u9898<\\/span><\\/h4><\\/div>\\n\\t\\t\\t\\t\\t\\t\\t\\t<table class=\\\"questions-items-title\\\">\\n\\t\\t\\t\\t\\t\\t\\t\\t\\t<tbody>\\n\\t\\t\\t\\t\\t\\t\\t\\t\\t<tr>\\n\\t\\t\\t\\t\\t\\t\\t\\t\\t\\t<td class=\\\"module-menu\\\"><\\/td>\\n\\t\\t\\t\\t\\t\\t\\t\\t\\t\\t<td><div class=\\\"cq-title T_edit\\\" data-tid=\\\"10002\\\" id=\\\"questionExamTitle\\\"><span style=\\\"font-size:16px;\\\">\\u95ee\\u5377\\u6807\\u9898<\\/span><\\/div>\\n\\t\\t\\t\\t\\t\\t\\t\\t\\t\\t<\\/td>\\n\\t\\t\\t\\t\\t\\t\\t\\t\\t<\\/tr>\\n\\t\\t\\t\\t\\t\\t\\t\\t\\t<\\/tbody>\\n\\t\\t\\t\\t\\t\\t\\t\\t<\\/table>\\n\\t\\t\\t\\t\\t\\t\\t\\t<ul class=\\\"ui-questions-content-list ui-sortable\\\"><li class=\\\"ui-module items-questions\\\">\\n\\t\\t\\t\\t\\t<div class=\\\"theme-type\\\">\\n\\t\\t\\t\\t\\t\\t<div class=\\\"module-menu\\\">\\n\\t\\t\\t\\t\\t\\t\\t<h4>Q1<\\/h4>\\n\\t\\t\\t\\t\\t\\t\\t<div class=\\\"module-ctrl\\\">\\n\\t\\t\\t\\t\\t\\t\\t\\t<a href=\\\"javascript:void(0);\\\" class=\\\"ui-up-btn\\\" data-tisp=\\\"\\u4e0a\\u79fb\\\"><i class=\\\"icon-up\\\"><\\/i><\\/a>\\n\\t\\t\\t\\t\\t\\t\\t\\t<a href=\\\"javascript:void(0);\\\" class=\\\"ui-down-btn\\\" data-tisp=\\\"\\u4e0b\\u79fb\\\"><i class=\\\"icon-down\\\"><\\/i><\\/a>\\n\\t\\t\\t\\t\\t\\t\\t\\t<a href=\\\"javascript:void(0);\\\" class=\\\"ui-clone-btn\\\" data-tisp=\\\"\\u590d\\u5236\\\"><i class=\\\"icon-clone\\\"><\\/i><\\/a>\\n\\t\\t\\t\\t\\t\\t\\t\\t<a href=\\\"javascript:void(0);\\\" class=\\\"ui-del-btn\\\" data-tisp=\\\"\\u5220\\u9664\\\"><i class=\\\"icon-del\\\"><\\/i><\\/a>\\n\\t\\t\\t\\t\\t\\t\\t<\\/div>\\n\\t\\t\\t\\t\\t\\t<\\/div>\\n\\t\\t\\t\\t\\t\\t<div class=\\\"ui-drag-area\\\">\\n\\t\\t\\t\\t\\t\\t\\t<div class=\\\"cq-title T_edit T_plugins\\\" data-tid=\\\"195\\\" type-id=\\\"1\\\"><span>454565456<\\/span><\\/div><\\/div>\\n\\t\\t\\t\\t\\t\\t<div class=\\\"cq-items-content\\\">\\n\\t\\t\\t\\t\\t\\t\\t<ul class=\\\"cq-unset-list\\\" data-checktype=\\\"1\\\" data-namestr=\\\"q1_4\\\">\\n\\t\\t\\t\\t\\t\\t\\t\\t\\n\\t\\t\\t\\t\\t\\t\\t\\t<li><label class=\\\"input-check\\\"><input type=\\\"radio\\\" name=\\\"q1_4\\\" value=\\\"111\\\"><\\/label>\\n\\t\\t\\t\\t\\t\\t\\t\\t\\t<div class=\\\"cq-answer-content T_edit T_plugins\\\" data-tid=\\\"837\\\">111<\\/div>\\n\\t\\t\\t\\t\\t\\t\\t\\t<\\/li>\\n\\t\\t\\t\\t\\t\\t\\t\\t\\n\\t\\t\\t\\t\\t\\t\\t\\t<li><label class=\\\"input-check\\\"><input type=\\\"radio\\\" name=\\\"q1_4\\\" value=\\\"222\\\"><\\/label>\\n\\t\\t\\t\\t\\t\\t\\t\\t\\t<div class=\\\"cq-answer-content T_edit T_plugins\\\" data-tid=\\\"100\\\">222<\\/div>\\n\\t\\t\\t\\t\\t\\t\\t\\t<\\/li>\\n\\t\\t\\t\\t\\t\\t\\t\\t\\n\\t\\t\\t\\t\\t\\t\\t<\\/ul>\\n\\t\\t\\t\\t\\t\\t\\t<div class=\\\"cq-items-ctrl\\\">\\n\\t\\t\\t\\t\\t\\t\\t\\t<a href=\\\"javascript:void(0);\\\" class=\\\"ui-add-item-btn\\\" data-tisp=\\\"\\u6dfb\\u52a0\\\"><i class=\\\"icon-add\\\"><\\/i><\\/a>\\n\\t\\t\\t\\t\\t\\t\\t\\t<a href=\\\"javascript:void(0);\\\" class=\\\"ui-batch-item-btn\\\" data-tisp=\\\"\\u6279\\u91cf\\u6dfb\\u52a0\\\"><i class=\\\"icon-addList\\\"><\\/i><\\/a>\\n\\t\\t\\t\\t\\t\\t\\t\\t<a href=\\\"javascript:void(0);\\\" class=\\\"ui-add-answer-btn\\\" data-tisp=\\\"\\u6dfb\\u52a0\\u7b54\\u6848\\u89e3\\u6790\\\"><i class=\\\"icon-assignment\\\"><\\/i><\\/a>\\n\\t\\t\\t\\t\\t\\t\\t<\\/div>\\n\\t\\t\\t\\t\\t\\t<\\/div>\\n\\t\\t\\t\\t\\t<\\/div>\\n\\t\\t\\t\\t<\\/li><li class=\\\"ui-module items-questions\\\">\\n\\t\\t\\t\\t\\t<div class=\\\"theme-type\\\">\\n\\t\\t\\t\\t\\t\\t<div class=\\\"module-menu\\\">\\n\\t\\t\\t\\t\\t\\t\\t<h4>Q2<\\/h4>\\n\\t\\t\\t\\t\\t\\t\\t<div class=\\\"module-ctrl\\\">\\n\\t\\t\\t\\t\\t\\t\\t\\t<a href=\\\"javascript:void(0);\\\" class=\\\"ui-up-btn\\\" data-tisp=\\\"\\u4e0a\\u79fb\\\"><i class=\\\"icon-up\\\"><\\/i><\\/a>\\n\\t\\t\\t\\t\\t\\t\\t\\t<a href=\\\"javascript:void(0);\\\" class=\\\"ui-down-btn\\\" data-tisp=\\\"\\u4e0b\\u79fb\\\"><i class=\\\"icon-down\\\"><\\/i><\\/a>\\n\\t\\t\\t\\t\\t\\t\\t\\t<a href=\\\"javascript:void(0);\\\" class=\\\"ui-clone-btn\\\" data-tisp=\\\"\\u590d\\u5236\\\"><i class=\\\"icon-clone\\\"><\\/i><\\/a>\\n\\t\\t\\t\\t\\t\\t\\t\\t<a href=\\\"javascript:void(0);\\\" class=\\\"ui-del-btn\\\" data-tisp=\\\"\\u5220\\u9664\\\"><i class=\\\"icon-del\\\"><\\/i><\\/a>\\n\\t\\t\\t\\t\\t\\t\\t<\\/div>\\n\\t\\t\\t\\t\\t\\t<\\/div>\\n\\t\\t\\t\\t\\t\\t<div class=\\\"ui-drag-area\\\">\\n\\t\\t\\t\\t\\t\\t\\t<div class=\\\"cq-title T_edit T_plugins\\\" data-tid=\\\"516\\\" type-id=\\\"2\\\"><span>79789<br><\\/span><\\/div><\\/div>\\n\\t\\t\\t\\t\\t\\t<div class=\\\"cq-items-content\\\">\\n\\t\\t\\t\\t\\t\\t\\t<ul class=\\\"cq-unset-list\\\" data-checktype=\\\"2\\\" data-namestr=\\\"q2_5\\\">\\n\\t\\t\\t\\t\\t\\t\\t\\t\\n\\t\\t\\t\\t\\t\\t\\t\\t<li><label class=\\\"input-check\\\"><input type=\\\"checkbox\\\" name=\\\"q2_5\\\" value=\\\"2222\\\"><\\/label>\\n\\t\\t\\t\\t\\t\\t\\t\\t\\t<div class=\\\"cq-answer-content T_edit T_plugins\\\" data-tid=\\\"178\\\">2222<\\/div>\\n\\t\\t\\t\\t\\t\\t\\t\\t<\\/li>\\n\\t\\t\\t\\t\\t\\t\\t\\t\\n\\t\\t\\t\\t\\t\\t\\t\\t<li><label class=\\\"input-check\\\"><input type=\\\"checkbox\\\" name=\\\"q2_5\\\" value=\\\"3333\\\"><\\/label>\\n\\t\\t\\t\\t\\t\\t\\t\\t\\t<div class=\\\"cq-answer-content T_edit T_plugins\\\" data-tid=\\\"91\\\">3333<\\/div>\\n\\t\\t\\t\\t\\t\\t\\t\\t<\\/li>\\n\\t\\t\\t\\t\\t\\t\\t\\t\\n\\t\\t\\t\\t\\t\\t\\t<\\/ul>\\n\\t\\t\\t\\t\\t\\t\\t<div class=\\\"cq-items-ctrl\\\">\\n\\t\\t\\t\\t\\t\\t\\t\\t<a href=\\\"javascript:void(0);\\\" class=\\\"ui-add-item-btn\\\" data-tisp=\\\"\\u6dfb\\u52a0\\\"><i class=\\\"icon-add\\\"><\\/i><\\/a>\\n\\t\\t\\t\\t\\t\\t\\t\\t<a href=\\\"javascript:void(0);\\\" class=\\\"ui-batch-item-btn\\\" data-tisp=\\\"\\u6279\\u91cf\\u6dfb\\u52a0\\\"><i class=\\\"icon-addList\\\"><\\/i><\\/a>\\n\\t\\t\\t\\t\\t\\t\\t\\t<a href=\\\"javascript:void(0);\\\" class=\\\"ui-add-answer-btn\\\" data-tisp=\\\"\\u6dfb\\u52a0\\u7b54\\u6848\\u89e3\\u6790\\\"><i class=\\\"icon-assignment\\\"><\\/i><\\/a>\\n\\t\\t\\t\\t\\t\\t\\t<\\/div>\\n\\t\\t\\t\\t\\t\\t<\\/div>\\n\\t\\t\\t\\t\\t<\\/div>\\n\\t\\t\\t\\t<\\/li><\\/ul>\\n\\t\\t\\t\\t\\t\\t\\t\\t<ul class=\\\"ui-foot-all-list\\\"><\\/ul>\\n\\t\\t\\t\\t\\t\\t\\t<\\/div>\"}', '263');

-- ----------------------------
-- Table structure for `tp_text`
-- ----------------------------
DROP TABLE IF EXISTS `tp_text`;
CREATE TABLE `tp_text` (
  `answer_id` int(50) unsigned NOT NULL AUTO_INCREMENT,
  `paperid` varchar(50) NOT NULL COMMENT '问卷id',
  `question_id` varchar(50) NOT NULL,
  `user_ip` varchar(50) NOT NULL COMMENT '用户ip地址',
  `userid` varchar(50) NOT NULL COMMENT '用户id',
  `textcontent` text,
  PRIMARY KEY (`answer_id`)
) ENGINE=MyISAM AUTO_INCREMENT=53 DEFAULT CHARSET=utf8;

-- ----------------------------
-- Records of tp_text
-- ----------------------------
INSERT INTO `tp_text` VALUES ('50', '245', '263', '218.89.125.170', '8', '飒飒大大撒旦');
INSERT INTO `tp_text` VALUES ('51', '228', '215', '218.89.125.170', '8', '哇哇哇哇');
INSERT INTO `tp_text` VALUES ('52', '228', '215', '117.136.65.199', '8', '你的天空');

-- ----------------------------
-- Table structure for `tp_user`
-- ----------------------------
DROP TABLE IF EXISTS `tp_user`;
CREATE TABLE `tp_user` (
  `id` int(11) unsigned NOT NULL AUTO_INCREMENT,
  `username` varchar(255) DEFAULT NULL COMMENT '用户名',
  `password` varchar(255) NOT NULL COMMENT '密码',
  PRIMARY KEY (`id`)
) ENGINE=MyISAM AUTO_INCREMENT=16 DEFAULT CHARSET=utf8;

-- ----------------------------
-- Records of tp_user
-- ----------------------------
INSERT INTO `tp_user` VALUES ('10', '新闻姐姐', 'e10adc3949ba59abbe56e057f20f883e');
INSERT INTO `tp_user` VALUES ('9', 'aaaaaa', 'e10adc3949ba59abbe56e057f20f883e');
INSERT INTO `tp_user` VALUES ('8', 'ffffff', 'e10adc3949ba59abbe56e057f20f883e');
INSERT INTO `tp_user` VALUES ('11', '新闻姐姐', 'e10adc3949ba59abbe56e057f20f883e');
INSERT INTO `tp_user` VALUES ('12', '新闻姐姐', 'e10adc3949ba59abbe56e057f20f883e');
INSERT INTO `tp_user` VALUES ('13', 'bababa', 'e10adc3949ba59abbe56e057f20f883e');
INSERT INTO `tp_user` VALUES ('14', 'aasdasd', 'e10adc3949ba59abbe56e057f20f883e');
INSERT INTO `tp_user` VALUES ('15', 'cdcdcdcd', 'e10adc3949ba59abbe56e057f20f883e');

-- ----------------------------
-- Table structure for `tp_wenjuan`
-- ----------------------------
DROP TABLE IF EXISTS `tp_wenjuan`;
CREATE TABLE `tp_wenjuan` (
  `paperid` int(50) unsigned NOT NULL AUTO_INCREMENT COMMENT '问卷编号',
  `title` varchar(50) NOT NULL COMMENT '问卷的标题',
  `fu_title` varchar(50) NOT NULL COMMENT '问卷副标题',
  `userid` varchar(50) NOT NULL,
  `status` varchar(50) DEFAULT '0',
  PRIMARY KEY (`paperid`)
) ENGINE=MyISAM AUTO_INCREMENT=265 DEFAULT CHARSET=utf8;

-- ----------------------------
-- Records of tp_wenjuan
-- ----------------------------
INSERT INTO `tp_wenjuan` VALUES ('225', '问卷标题', '问卷标题', '8', '2');
INSERT INTO `tp_wenjuan` VALUES ('226', '你哄哄哦哦好', '问卷标题', '8', '1');
INSERT INTO `tp_wenjuan` VALUES ('228', '问卷标题', '问卷标题', '8', '1');
INSERT INTO `tp_wenjuan` VALUES ('245', '这是一份问卷', '', '8', '1');
INSERT INTO `tp_wenjuan` VALUES ('247', '实打实大啊', '问卷标题', '8', '1');
INSERT INTO `tp_wenjuan` VALUES ('248', '问卷标题', '问卷标题', '8', '1');
INSERT INTO `tp_wenjuan` VALUES ('253', '啊实打实大苏打', '问卷标题', '8', '1');
INSERT INTO `tp_wenjuan` VALUES ('263', '问卷标题', '问卷标题', '13', '1');

-- ----------------------------
-- Table structure for `tp_xuanxiang`
-- ----------------------------
DROP TABLE IF EXISTS `tp_xuanxiang`;
CREATE TABLE `tp_xuanxiang` (
  `select_id` int(10) unsigned NOT NULL AUTO_INCREMENT COMMENT '选项编号',
  `paperid` varchar(50) NOT NULL COMMENT '问题编号',
  `Scontent` varchar(50) NOT NULL COMMENT '选项内容',
  `question_id` varchar(50) NOT NULL,
  PRIMARY KEY (`select_id`)
) ENGINE=MyISAM AUTO_INCREMENT=445 DEFAULT CHARSET=utf8;

-- ----------------------------
-- Records of tp_xuanxiang
-- ----------------------------
INSERT INTO `tp_xuanxiang` VALUES ('281', '225', '132132132', '205');
INSERT INTO `tp_xuanxiang` VALUES ('278', '225', '1321321322', '205');
INSERT INTO `tp_xuanxiang` VALUES ('277', '225', '45464654646', '206');
INSERT INTO `tp_xuanxiang` VALUES ('276', '225', '465465465465', '206');
INSERT INTO `tp_xuanxiang` VALUES ('286', '225', '是大飒飒', '208');
INSERT INTO `tp_xuanxiang` VALUES ('285', '225', '顶顶顶顶顶', '208');
INSERT INTO `tp_xuanxiang` VALUES ('288', '226', '选项2', '210');
INSERT INTO `tp_xuanxiang` VALUES ('287', '226', '喜欢', '210');
INSERT INTO `tp_xuanxiang` VALUES ('289', '226', '篮球', '211');
INSERT INTO `tp_xuanxiang` VALUES ('290', '226', '选项2', '211');
INSERT INTO `tp_xuanxiang` VALUES ('291', '228', '香蕉', '213');
INSERT INTO `tp_xuanxiang` VALUES ('292', '228', '苹果', '213');
INSERT INTO `tp_xuanxiang` VALUES ('293', '228', '篮球', '214');
INSERT INTO `tp_xuanxiang` VALUES ('294', '228', '游戏', '214');
INSERT INTO `tp_xuanxiang` VALUES ('373', '247', '睡觉', '266');
INSERT INTO `tp_xuanxiang` VALUES ('372', '247', '游戏', '265');
INSERT INTO `tp_xuanxiang` VALUES ('371', '247', '篮球', '265');
INSERT INTO `tp_xuanxiang` VALUES ('368', '245', '不喜欢', '262');
INSERT INTO `tp_xuanxiang` VALUES ('367', '245', '喜欢', '262');
INSERT INTO `tp_xuanxiang` VALUES ('366', '245', '脚', '261');
INSERT INTO `tp_xuanxiang` VALUES ('365', '245', '手', '261');
INSERT INTO `tp_xuanxiang` VALUES ('364', '245', '不会', '260');
INSERT INTO `tp_xuanxiang` VALUES ('363', '245', '会', '260');
INSERT INTO `tp_xuanxiang` VALUES ('374', '247', '喝酒', '266');
INSERT INTO `tp_xuanxiang` VALUES ('396', '253', '啊啊啊啊啊', '286');
INSERT INTO `tp_xuanxiang` VALUES ('395', '253', '啵啵啵宝宝', '286');
INSERT INTO `tp_xuanxiang` VALUES ('394', '253', '踩踩踩踩踩踩', '284');
INSERT INTO `tp_xuanxiang` VALUES ('393', '253', '顶顶顶顶顶', '284');
INSERT INTO `tp_xuanxiang` VALUES ('398', '253', '呃呃呃呃呃呃', '283');
INSERT INTO `tp_xuanxiang` VALUES ('397', '253', '反反复复烦烦烦', '283');
INSERT INTO `tp_xuanxiang` VALUES ('399', '253', '嘎嘎嘎嘎嘎嘎嘎', '282');
INSERT INTO `tp_xuanxiang` VALUES ('400', '253', '哈哈哈哈哈哈哈', '282');
INSERT INTO `tp_xuanxiang` VALUES ('440', '263', '111', '306');
INSERT INTO `tp_xuanxiang` VALUES ('439', '263', '222', '306');
INSERT INTO `tp_xuanxiang` VALUES ('438', '263', '2222', '305');
INSERT INTO `tp_xuanxiang` VALUES ('437', '263', '3333', '305');
